:020000040800F2
:10000000C8730020550200081B63000871490008EE
:1000100017630008B92700086F750008000000008A
:100020000000000000000000000000009D0100082A
:10003000873B000800000000F1010008496D00083E
:100040006F0200086F0200086F0200086F020008CC
:100050006F0200086F0200086F0200086F020008BC
:100060006F0200086F0200086F0200086F020008AC
:100070006F0200086F0200086F0200086F0200089C
:100080006F0200086F0200086F0200086F0200088C
:10009000BD2700086F0200086F0200086F02000809
:1000A0006F0200086F0200086F0200086F0200086C
:1000B0006F0200086F0200086F0200086F0200085C
:1000C0006F0200086F0200086F0200086F0200084C
:1000D0006F020008F16D0008556E0008596F0008A6
:1000E0006F0200086F0200086F0200086F0200082C
:1000F0006F0200086F0200086F0200086F0200081C
:100100006F0200086F0200086F0200086F0200080B
:100110006F0200086F0200086F0200086F020008FB
:100120006F0200086F0200086F0200086F020008EB
:100130006F0200086F0200086F0200086F020008DB
:100140006F020008292B00086F0200086F020008E8
:100150006F0200086F0200086F020008217100089A
:100160006F0200086F0200086F0200086F020008AB
:100170006F0200086F0200086F0200086F0200089B
:100180006F0200086F020008DFF80CD000F06AFF71
:1001900000480047C59C0008C87300202A4B196816
:1001A0000868B0E8F04F80F30988BFF36F8F4FF015
:1001B000000080F3118870470000000006480068C6
:1001C000006880F3088862B661B6BFF34F8FBFF353
:1001D0006F8F00DF00BF00BF08ED00E0DFF80C000C
:1001E000016841F470010160704700BF88ED00E0D4
:1001F000EFF30980BFF36F8F134B1A681EF0100FD7
:1002000008BF20ED108A20E9F04F106008B44FF0CD
:10021000500080F31188BFF34F8FBFF36F8F0BF047
:100220008BF94FF0000080F3118808BC196808684A
:10023000B0E8F04F1EF0100F08BFB0EC108A80F34A
:100240000988BFF36F8F7047E8020020EFF3058045
:10025000704700000648804706480047FEE7FEE773
:10026000FEE7FEE7FEE7FEE7FEE7FEE7FEE7FEE766
:10027000596D0008890100089FED1A1AF5EE000A71
:1002800040EE010ABDEEE00AF5EEC00A10EE100ADB
:10029000F1EE10FA38BF401E00EE100A1349F7EED7
:1002A000001AB8EEC00A30EEC00ADFED0F0A20EEE9
:1002B000200AFCEEC00A10EE900AC0F3080000EE1F
:1002C000900A01EB8000F8EE600A90ED011A70EEE2
:1002D000600A90ED000A71EEE01A21EE800A00EE4D
:1002E000810A704783F9223E0000004408C90008D3
:1002F000DFED190AB5EEC00A60EE200ABDEEE01A85
:1003000011EE100AF1EE10FA38BF401E00EE100A8E
:100310001349F7EE001AB8EEC00A30EEC00ADFED5E
:100320000F0A60EE200ABCEEE00A10EE100AC0F3DD
:10033000080000EE100A01EB8000B8EE400A90EDD4
:10034000011A70EEC00A90ED000A71EEE01A21EE7B
:10035000800A00EE810A704783F9223E00000044C3
:1003600008C9000801804280436070472DE9F34FBF
:1003700084B0049840680090486801900498B0F8F0
:1003800000E04588DFEDFE0A00200290B0EE600A32
:10039000AE4506D108884988884204BF7146864523
:1003A00004D06FF0020006B0BDE8F08F01985FEA5C
:1003B000010C18BFB7EE001A3DD000BFBEEB0C0118
:1003C00017D0B1F1004F80F01F82002911DD021F0C
:1003D00011F0010F1CBFC2ED010A121D4B1006D017
:1003E000C2ED010AC2ED020A08325B1EF8D100EB31
:1003F0008100BCF10102A0EC011A19D0B2F1004F4A
:1004000080F00882002A13DD031F12F0010F1CBFC9
:10041000C3ED010A1B1D511008D000BFC3ED010A36
:10042000C3ED020A491E03F10803F7D100EB820075
:10043000BCF1010CC2D14FF000080395002D14BF90
:10044000B0EE602A002000F0BF8100BF009908FBD9
:1004500005F001EB800B0199DBED002A01EB800038
:100460000346F0EE421AC64552D9AEEB0802ABEB9A
:10047000850112F0010F17D001EB850191ED000A03
:10048000B5EEC00AF1EE10FA07DDB4EEE10AF1EEC6
:1004900010FA09DDF0EE401A06E0B1EE400AF4EE83
:1004A000C01AF1EE10FAF5D3521031D001EB850CE1
:1004B0009CED000AB5EEC00AF1EE10FA05DDB4EECF
:1004C000E10AF1EE10FA09DD06E0B1EE400AF4EEC1
:1004D000C01AF1EE10FA01D2F0EE401A01EBC5019C
:1004E00091ED000AB5EEC00AF1EE10FA05DDB4EEAA
:1004F000E10AF1EE10FA09DD06E0B1EE400AF4EE91
:10050000C01AF1EE10FA01D2F0EE401A521ECDD10F
:10051000F5EEC01AF1EE10FA00F07381F5EEC02A84
:100520000126F1EE10FA0099D4BFB1EE620AB0EEE6
:10053000620AB4EE610AF1EE10FA1CBFAEEB0802DB
:10054000B2F1010C47D005FB08F201EB820292EDFB
:10055000001A00BFB0EE410A05FB06F4B5EEC00A72
:1005600000EB8404F1EE10FACCBFF0EE400AF1EE9D
:10057000400AF4EE610AF1EE10FA28D1B5EB080C4E
:1005800011D0BCF1004F7DD2BCF1000F0BDD00BFDC
:1005900092ED000AD1ED000ABCF1010CE2EC010A77
:1005A000A1EC010AF4D129000ED0B1F1004F6AD2BA
:1005B000002909DD94ED000AD0ED000A491EE4ECA3
:1005C000010AA0EC010AF5D1012002900BE0761C93
:1005D000BCF1010CBED10298012804D0F5EEC02A6E
:1005E000F1EE10FA7ED09BED000AB5EB08009A46BA
:1005F0005946064622D0B0F1004F74D200281DDDC6
:10060000091F10F0010F06D0F0EE400A80EEA01A8C
:1006100081ED011A091D401010D000BFD1ED010A73
:10062000401E80EE801A81ED011A91ED021AC1EE92
:10063000000AC1ED020A01F10801EFD1280026D01D
:10064000B0F1004F7ED2002821DDAAF1040110F0A4
:10065000010F06D0D1ED010A80EE801A81ED011A5A
:10066000091D401013D000BFD1ED010A401E80EEDD
:10067000801A81ED011AD1ED020A80EE801A81ED17
:10068000021A01E0CBE0D6E001F10801ECD1DDE98E
:1006900000124FF000095FEA0E0773D0C14504BF96
:1006A00001EB860102EB850274D091ED000ADC4675
:1006B0005046330035D01C46B6F1004F7ED2002C98
:1006C0002FDD0B1FABF1040C16F0010F0FD0F0EE75
:1006D000400ADCED011AB0EE601A00EEE11A83ED7B
:1006E000011A01E08DE0B1E01B1D0CF1040C741047
:1006F00015D000BFD3ED010A9CED011A40EE410A6E
:10070000C3ED010AD3ED020A9CED021A0CF1080CAC
:1007100040EE410AC3ED020A0833641EEAD101EB40
:1007200086012B0036D0B3F1004F72D2002B31DDA1
:10073000A2F1040CAAF1040013F0010F0CD0DCEDBF
:10074000010A00E08BE090ED011A001D40EE410A25
:10075000CCED010A0CF1040C5C1019D0DCED010A9F
:1007600090ED011A40EE410ACCED010ADCED020ADF
:1007700090ED021A083040EE410ACCED020A03E087
:10078000000000000DE005E0641E0CF1080CE5D14E
:1007900002EB830201EB88017F1E09F101097FF45E
:1007A0007DAF009808F10108001D00900398401EDD
:1007B00003907FF44BAE0299012900E058E004BF9A
:1007C00006B0BDE8F08F00BFB5EEC00AF1EE10FA3A
:1007D0007FF4E9AD04990EFB05F3002B4A684FF056
:1007E00000010BD902EB810C9CED000AB5EEC00AAA
:1007F000F1EE10FA02D1491C8B42F3D88B427FF400
:10080000D2AD6FF00400CEE5E0EC010A491EFBD149
:10081000EFE538E0E0EC010A521EFBD108E692ED6C
:10082000000AD1ED000ABCF1010CE2EC010AA1ECD6
:10083000010AF4D1B7E694ED000AD0ED000A491E92
:10084000E4EC010AA0EC010AF5D1BDE6D1ED000A05
:10085000401E80EE801AA1EC011AF7D1EEE6D3ED2E
:10086000000A401E80EE801AA3EC011AF7D10EE7B1
:10087000BCEC011AD1ED000A5B1E40EE410AE1EC2E
:10088000010AF5D14DE7B0EC011AD2ED000A5B1E6A
:1008900040EE410AE2EC010AF5D17BE72DE9F04F89
:1008A00082B0466853680193058847884B880020CA
:1008B00000900888874201BFB2F800C065455288A1
:1008C00093421EBF6FF0020002B0BDE8F08F9FEDB3
:1008D000412A4FEA970EC7F3400B00BFDDE9000243
:1008E00002EB800A4A6898464FF00009B0EE420ACF
:1008F000B4465FEA0E0025D092ED001ADCED001A36
:1009000002EB8302DCED010A01EE810A92ED001A8E
:1009100002EB8302401ED2ED001A02EB830200EECE
:10092000810A9CED021ADCED030A00040CF1100CA4
:10093000000C01EE210A92ED001A02EB830200EE98
:10094000810AD9D117F0030026D0ACF10404A2EB40
:10095000830210F0010F08D002EB8302D4ED010AEC
:1009600092ED001A241D00EE810A5FEA0B0013D0FD
:1009700002EB830CD4ED010A9CED001A02EBC302DA
:10098000401E00EE810AD4ED020A92ED001A04F135
:10099000080400EE810AEBD109F10100AAEC010A7A
:1009A0001FFA80F9486800EB8902A8F101001FFADC
:1009B00080F8B8F1000F99D1009806EB870618442B
:1009C00080B20090681E05042D0C87D102B0002073
:1009D000BDE8F08F0000000040EA01039B0703D050
:1009E00009E008C9121F08C0042AFAD203E011F86E
:1009F000013B00F8013B521EF9D27047D2B201E030
:100A000000F8012B491EFBD270470022F6E710B513
:100A100013460A4604461946FFF7F0FF204610BD6C
:100A20002DE9FE4F804681EA0300C00F0C4600907E
:100A300021F0004123F00045B8EB0200A94105D2A6
:100A40004046214690461C460B46024623F0004095
:100A5000104347D0270DC7F30A00C3F30A51029091
:100A6000401A019040286BDAC3F3130040F4801B56
:100A70000098924620B10023D2EB030A63EB0B0BE4
:100A800001985946C0F14002504600F0E5F906468B
:100A90000D4650465946019A00F0EDF910EB08005A
:100AA0006141002487EA115284EAE7731A4340D077
:100AB000009A62B3019A012A4FEA075215DC001B23
:100AC00061EB02014FF0004202EA0752CDE9004219
:100AD000001C41F5801132462B4600F024FA03B089
:100AE000BDE8F08F40462146F9E7001B61EB0201AB
:100AF000001C41F5801300185B412018A2F5001777
:100B000047EB030140EAD570B6196D4111E06D085D
:100B10004FEA360645EAC0754FEA0752001B61EB03
:100B20000201001C41F5801149084FEA300000190C
:100B3000514132462B4603B0BDE8F04F00F0E4B916
:100B40000098012240000023D0EB020263EBE07327
:100B5000009821464FEAE074B8EB000061EB040115
:100B6000E9E783F000435BE781F0004158E72DE9B6
:100B7000FE4F81EA030404F0004421F00041009498
:100B80004FF0000B23F0004350EA01045ED052EA1C
:100B900003045BD0C3F30A54C1F30A552C44A4F2F6
:100BA000F3340194A0FB0254C1F3130141F480110A
:100BB000C3F3130343F4801301FB024400FB034E11
:100BC000840A970A44EA815447EA8357A4FB0768DA
:100BD00002958D0A05FB07854FEA932C04FB0C5404
:100BE0002705029D4FEA065847EA1637B5EB080578
:100BF0006EEB070C870E920E47EA811742EA8312CA
:100C0000A7FB0201B6EB0B0164EB00042B0D43EADA
:100C10000C335E1844EB1C50DA465146E7FB0201E8
:100C2000C5F313044FEA0B3343EA14534FEA04327B
:100C3000019C43EA0603A4F10C040294009CCDE954
:100C400000B400F070F903B0BDE8F08F0020014659
:100C5000F9E72DE9F04D81EA030404F0004B21F09F
:100C6000004514464FF0000A23F0004150EA050207
:100C700020D054EA01021DD0C5F30A570246C5F33D
:100C80001303C1F31300C1F30A5640F4801543F473
:100C90008013A7EB0608101BD64608F2FD3873EB4D
:100CA000050002D308F1010801E092185B41B8F198
:100CB000000F03DA00200146BDE8F08D00204FF45C
:100CC0008011064684460EE0171B73EB050705D31B
:100CD000121B63EB050306434CEA010C49084FEA7B
:100CE000300092185B4150EA0107EDD152EA03004F
:100CF00012D082EA040083EA0501084305D0101BE4
:100D0000AB4106D20122002306E000224FF000434F
:100D100002E06FF0010253101AEB06004CEB085191
:100D200010EB0A0041EB0B01BDE8F04D00F0ECB810
:100D30000EB5C10F80EAE0700844CA07002140F2F6
:100D400033438DE80E000A460B4600F0ECF803B082
:100D500000BD0EB540F2334102910021CDE90011F2
:100D60000A460B4600F0DFF803B000BD00F0004279
:100D700030F000400AD0C10D01F56071C0F31600DB
:100D800042EA0151C2084007114370470020014662
:100D90007047000030B5041E71F1000404DB4FF011
:100DA0000044404264EB0101141E73F1000405DBB2
:100DB0001C464FF00043524263EB04038B4208BFD2
:100DC000824230BD30B5041E71F1000404DB4FF0E7
:100DD0000044404264EB0101141E73F1000405DB82
:100DE0001C464FF00043524263EB0403994208BF94
:100DF000904230BD01F0004330B421F0004150EA90
:100E0000010206D00A0DA2F56072C1F31301002A97
:100E100002DC30BC00207047440F44EAC104C1002A
:100E2000E01830BC00EBC25000F037B830B50B46CC
:100E3000014600202022012409E021FA02F59D420A
:100E400005D303FA02F5491B04FA02F52844151EDE
:100E5000A2F10102F1DC30BD202A04DB203A00FAC5
:100E600002F1002070479140C2F1200320FA03F301
:100E7000194390407047202A06DBCB17203A41FAED
:100E800002F043EAE07306E041FA02F3D040C2F117
:100E9000200291400843194670470029A8BF7047B7
:100EA000401C490008BF20F00100704710B4B0FAA0
:100EB00080FC00FA0CF050EA010404BF10BC70473B
:100EC00049B1CCF1200421FA04F411FA0CF118BF55
:100ED000012121430843A3EB0C01CB1D4FEA006124
:100EE0004FEA102042BF002010BC704700EBC350F7
:100EF00010440029A4BF10BC7047401C490008BF23
:100F000020F0010010BC704710B5141E73F10004EE
:100F100008DA401C41F1000192185B411A4301D1EB
:100F200020F0010010BD2DE9F04D92469B4611B115
:100F3000B1FA81F202E0B0FA80F220329046FFF777
:100F40008BFF04460F4640EA0A0041EA0B01534674
:100F50005A46084313D0114653EA010019D0C8F18C
:100F60004002504600F090F805460E46504659465D
:100F70004246FFF771FF084305D0012004E02046F8
:100F80003946BDE8F08D0020054346EAE0762C4363
:100F900037430A986305E40AA0EB08000022FD0A23
:100FA00044EA47540A3002D500200146E9E701052A
:100FB00010196941DDE9084500196941BDE8F04DA6
:100FC000A2E72DE9F04D00231A461B1A8A4103DBE4
:100FD00000200146BDE8F08DC1F30A52C1F31301B0
:100FE00041F480154FF0000BD10702D100186D417C
:100FF000521E0027044640F2FF11384601EB620AF8
:101000003E468046024600204FF4801100F03CF836
:10101000C2197141BB1846EB0100B4EB030C75EB30
:10102000000C04D3E41A65EB000517460E4624199C
:1010300008F101006D4180463428E3DDF91946EBE3
:101040000600091BA84103D24FF0FF32134601E00E
:10105000002213461BEB070046EB0A51BDE8F04D9A
:10106000FFF752BF064C074D06E0E06840F0010371
:1010700094E8070098471034AC42F6D3FFF788F89D
:1010800020D3000840D30008202A04DB203A21FAAC
:1010900002F00021704721FA02F3D040C2F1200291
:1010A000914008431946704770B5C1F30A5201F0E8
:1010B00000450024C1F3130140F2FF3341F48011D5
:1010C0009A4201DA002070BD40F233439A42A2F204
:1010D000334203DC5242FFF7D7FF00E090402C433D
:1010E000F1D0404270BD70B58C1810F8015B15F05E
:1010F000070301D110F8013B2A1106D110F8012B8A
:1011000003E010F8016B01F8016B5B1EF9D12B07AE
:1011100005D40023521E0DD401F8013BFAE710F864
:10112000013BCB1A921C03E013F8015B01F8015B51
:10113000521EF9D5A142D8D3002070BD30B52DED97
:101140000C8BD9B09FEDA90AF0EE408A9FEDA70A5B
:10115000B0EE409A9FEDA50AF0EE409A002462E0BE
:10116000A34A911E881E03F0ACFFA148001FB0F9EE
:10117000000000EE100AB8EEC00ADFED9E0A80EE15
:10118000201AB0EE000A21EE000ADFED9B0A20EEE5
:10119000200A8DED250A9648001FB0F9020000EEE6
:1011A000100AF8EEC00A9FED931A80EE810AF0EE65
:1011B000000A20EE200ADFED900A20EE200A8DEDD5
:1011C000240A8B48001FB0F9040000EE100AF8EE64
:1011D000C00A9FED881A80EE810AF0EE000A20EE28
:1011E000200ADFED850A20EE200A8DED230A23AACE
:1011F00024A925A807F070FE9DED250A38EE800A87
:10120000F0EE408A9DED240A39EE000AB0EE409AD5
:101210009DED230A39EE800AF0EE409A032008F093
:1012200009FE601CC4B2642C9ADB9FED740AC8EE00
:10123000800ACDED250A9FED710AC9EE000ACDEDB9
:10124000240A9FED6E0AC9EE800ACDED230ADDED7A
:10125000250A60EEA00A9DED241ADDED241A41EE68
:10126000210A9DED231ADDED231A41EE210AB0EE8D
:10127000600A08F0EDFDB0EE408A9DED250AC0EE53
:10128000080A10EE905A2846FFF770FD41EC1B0B40
:10129000B0EE4B0AF0EE6B0A06F0CEFAB0EE40AAC2
:1012A000F0EE60AA9FED560B53EC102B51EC1A0B8D
:1012B000FFF75DFC559154909DED230AB1EE400A75
:1012C00010EE100AFFF752FD41EC1C0B9DED240AB5
:1012D000B1EE400A10EE100AFFF748FD41EC1D0B7D
:1012E000B0EE4C1AF0EE6C1AB0EE4D0AF0EE6D0A4C
:1012F00006F0BEFDB0EE40BAF0EE60BA9FED400BD6
:1013000053EC102B51EC1B0BFFF731FC41EC1A0B8B
:101310009FED3D0B53EC102BFFF723FC53915290A4
:101320009FED3B0B8DED560B9DED562B9DED541B0C
:101330009DED520B10A801F053F8482210A940A8C7
:10134000FFF74AFB402242A96846FFF745FB10A879
:10135000419B409A04F0AEFF482210A92EA8FFF747
:101360003BFB382232A96846FFF736FB2EA80FC890
:1013700004F086F88DED260B8DED281B8DED2A2BC4
:101380008DED2C3B9DED261BB0EE410AF0EE610A7F
:1013900051EC100BFFF72EFD1F4908609DED281B37
:1013A000B0EE410AF0EE610A51EC100BFFF722FD9E
:1013B0001A4908609DED2A1BB0EE410AF0EE610A61
:1013C00051EC100BFFF716FD154908609DED2C1B25
:1013D000B0EE410AF0EE610A51EC100BFFF70AFD86
:1013E0001049086059B0BDEC0C8B30BD0000000006
:1013F0006C1B0020000000470AE81C410000C842A6
:1014000000000000DCA54C400000000000806640A9
:1014100000000000000000005C02002060020020CC
:1014200064020020680200200EB52A4A911E881E20
:1014300003F047FE2748001FB0F9000000EE100A35
:10144000B8EEC00ADFED240A80EE201AB0EE000AE2
:1014500021EE000ADFED210A20EE200A8DED020ABE
:101460001C48001FB0F9020000EE100AB8EEC00AD6
:101470009FED191AC0EE010AB0EE000A20EE800AB4
:10148000DFED160A20EE200A8DED010A1148001F3B
:10149000B0F9040000EE100AB8EEC00A9FED0E1A73
:1014A000C0EE010AB0EE000A20EE800ADFED0B0A62
:1014B00020EE200A8DED000A6A4601A902A807F075
:1014C0000BFD9DED001ADDED010A9DED020A00F015
:1014D000F5FE0EBD6C1B0020000000470AE81C4111
:1014E00000B5B5B0FE4890ED000A20EE000A8DED83
:1014F0001F0A90ED000AFB48D0ED000A20EE200AFA
:101500008DED1E0AF64890ED000AF748D0ED000A6E
:1015100020EE200A8DED1D0AF14890ED000AF348F7
:10152000D0ED000A20EE200A8DED1C0AED4890ED6A
:10153000000A20EE000A8DED1B0A90ED000AEA4831
:10154000D0ED000A20EE200A8DED1A0AE54890ED54
:10155000000AE648D0ED000A20EE200A8DED190AB7
:10156000E14890ED000A20EE000A8DED180A90ED9A
:10157000000ADE48D0ED000A20EE200A8DED170AA1
:1015800090ED000A20EE000A8DED160AD84890ED85
:10159000040A8DED150A90ED050A8DED140A90ED03
:1015A000060A8DED130A90ED000A8DED120A90EDFA
:1015B000010A8DED110A90ED020A8DED100A90EDF1
:1015C000070A8DED0F0A90ED080A8DED0E0A90EDD9
:1015D000090A8DED0D0A03F009F9C64880ED000BEC
:1015E000C54890ED000B53EC102BC24890ED000B5A
:1015F00051EC100BFFF7B5FACDE90A019DED0A0B8E
:1016000051EC100BFFF7F6FB00EE100A9FEDBB1A32
:10161000C0EE010ACDED0C0A0C98FFF7A7FBCDE94F
:101620002401B44890ED000BB34880ED000B9DED14
:10163000120A20EE000ADDED110A00EEA00ADDED2F
:10164000100A00EEA00A8DED0C0A9DED0C0A08F0C0
:101650004DFA8DED340A9DED120ADDED340A20EECF
:10166000200A8DED120A9DED110ADDED340A20EEFF
:10167000200A8DED110A9DED100ADDED340A20EEF1
:10168000200A8DED100A9DED0F0A20EE000ADDED17
:101690000E0A00EEA00ADDED0D0A00EEA00A8DEDA7
:1016A0000C0A9DED0C0A08F021FA8DED340A9DED2F
:1016B0000F0ADDED340A20EE200A8DED0F0A9DEDB4
:1016C0000E0ADDED340A20EE200A8DED0E0A9DEDA6
:1016D0000D0ADDED340A20EE200A8DED0D0A9DED98
:1016E000150ADFED870A20EE200A8DED150A9DED23
:1016F000140ADFED830A20EE200A8DED140A9DED19
:10170000130ADFED7F0A20EE200A8DED130A9DED0E
:10171000150ADFED7C0A20EE200A8DED150A9DEDFD
:10172000140ADFED780A20EE200A8DED140A9DEDF3
:10173000130ADFED740A20EE200A8DED130A1598C6
:10174000FFF714FBCDE908019DED080B06F0ECFC5A
:101750008DED0A0B9FED6C0B53EC102B9DED0A0BDE
:1017600051EC100BFFF716FB03D29FED690A8DEDCC
:10177000150A1498FFF7FAFACDE908019DED080B58
:1017800006F0D2FC8DED0A0B9FED5F0B53EC102B96
:101790009DED0A0B51EC100BFFF7FCFA03D29FED05
:1017A0005C0A8DED140A1398FFF7E0FACDE9080101
:1017B0009DED080B06F0B8FC8DED0A0B9FED520B6A
:1017C00053EC102B9DED0A0B51EC100BFFF7E2FAD6
:1017D00003D29FED4F0A8DED130A9DED0F0AF0EE37
:1017E000000A60EE200A9DED180AB6EE001A31EEEE
:1017F000401A9DED160A31EE400A60EE800A9DED1A
:101800000E0AB0EE001A60EE011A9DED1A0A9DED67
:101810001C1A30EE411AB0EE600A01EE810ADDEDCD
:101820000D0AB0EE001A60EE811ADDED190A9DED89
:101830001D1A70EE810A01EEA00A8DED330A9DEDAE
:101840000F0AF0EE000A20EE201A9DED1A0ADDEDD7
:101850001C0A30EE200A21EE000ADDED0E0AB0EE81
:10186000001A20EE811ADDED1B0AF6EE001A71EE69
:10187000E01ADDED160A71EEE00A01EE200ADDED58
:101880000D0AB0EE001A60EE811ADDED170A9DED2B
:101890001E1A70EEC10A01EEA00A8DED320A9DED0E
:1018A0000F0AF0EE000A20EE201A9DED190ADDED78
:1018B0001D0A30EE600A21EE000ADDED0E0AB0EEE0
:1018C000001A60EE811ADDED170A9DED1E1A70EE0A
:1018D000810A01EEA00ADDED0D0AB0EE001A19E052
:1018E0005C020020600200206402002068020020E8
:1018F000401B0020B0020020A80200200000FA4493
:10190000F8C1F93C35FA8E3CFA7E6ABC7493683FA4
:101910000000000020EE811ADDED1B0AF6EE001A31
:1019200071EEE01ADDED180A71EEE00A01EE200A10
:101930008DED310A9DED330A60EE000A9DED320A0D
:1019400040EE000ACDED070A0798FFF70FFACDE940
:1019500008019DED080B06F057FC8DED0A0B9DED7F
:101960000A0B51EC100BFFF745FA30909DED310A50
:101970008DED2F0A9DED190ADDED1D0A30EE600A8E
:10198000F0EE000A20EE200A8DED2E0A9DED1E0AD3
:10199000DDED170A30EE200AF0EE000A20EE200AF4
:1019A0008DED2D0A9DED1F0ADDED1B0A70EE600A1C
:1019B0009DED180A70EEC00A9DED160A30EE800A01
:1019C0008DED2C0A9DED300AF0EE000A60EE200A43
:1019D0009DED180AB6EE001A31EE401A9DED160A7A
:1019E00031EE400A60EE800A9DED2F0AB0EE001A3B
:1019F00060EE011A9DED190A9DED1D1A30EE411A97
:101A0000B0EE600A01EE810A8DED2B0A9DED300AE1
:101A1000F0EE000A20EE201A9DED1A0ADDED1C0AF8
:101A200030EE600A61EE000A9DED2F0AB0EE001A5A
:101A300060EE011A9DED1E0A9DED171A30EE011A97
:101A4000B0EE600A01EE810A8DED2A0A9DED300AA2
:101A5000F0EE000A20EE201A9DED1D0ADDED190AB8
:101A600030EE200A61EE000A9DED2F0AB0EE001A5A
:101A700020EE011A9DED1B0AF6EE001A71EEC01A57
:101A80009DED180A71EEC01AB0EE600A01EE210A4F
:101A90008DED290ADDED110A9DED2C0A60EE800A1C
:101AA0009DED101A9DED2D0A41EE400A9DED0E1A96
:101AB0009DED290A21EE001ADDED0D1A9DED2A0A91
:101AC00001EEC01A30EE810A8DED280ADDED100A14
:101AD0009DED2E0A60EE800A9DED121A9DED2C0AF6
:101AE00041EE400A9DED0D1A9DED2B0A21EE001AE4
:101AF000DDED0F1A9DED290A01EEC01A30EE810AC4
:101B00008DED270ADDED120A9DED2D0A60EE800AAB
:101B10009DED111A9DED2E0A41EE400A9DED0F1A22
:101B20009DED2A0A61EE001A9DED0E1A9DED2B0A1D
:101B300041EE401A30EEA10A8DED260A9DED150A00
:101B400020EE000ADDED140A00EEA00ADDED130A16
:101B500000EEA00A8DED070A0798FFF707F9CDE917
:101B600008019DED080B06F04FFB8DED0A0B9DED76
:101B70000A0B51EC100BFFF73DF934909DED340A40
:101B8000DFEDFE0AB4EEE00AF1EE10FA7DD29DED33
:101B9000280A5FEDA10A20EE200A8DED030A0398C2
:101BA000FFF7E4F8CDE904019DED240B53EC102B75
:101BB0009DED040B51EC100BFEF7D9FFCDE90801A8
:101BC000EF480068FFF7D2F8CDE906019DED080B5C
:101BD00053EC102B9DED060B51EC100BFEF720FF84
:101BE000CDE90A019DED0A0B51EC100BFFF702F94C
:101BF000E34908609DED270A5FEDBB0A20EE200A4D
:101C00008DED030A0398FFF7B1F8CDE904019DEDCE
:101C1000240B53EC102B9DED040B51EC100BFEF735
:101C2000A6FFCDE90801D7480068FFF79FF8CDE986
:101C300006019DED080B53EC102B9DED060B51ECAE
:101C4000100BFEF7EDFECDE90A019DED0A0B51ECFC
:101C5000100BFFF7CFF8CB4908609DED260A5FED2A
:101C6000D40A20EE200A8DED030A0398FFF77EF8D0
:101C7000CDE904019DED240B53EC102B9DED040BDD
:101C800051EC100BFEF773FF00E049E0CDE90801CD
:101C9000BD480068FFF76AF8CDE906019DED080B25
:101CA00053EC102B9DED060B51EC100BFEF7B8FE1C
:101CB000CDE90A019DED0A0B51EC100BFFF79AF8E4
:101CC000B14908609DED150ADDED280AB0EE001A55
:101CD00001EE200AAA48D0ED000A30EE200A8DED70
:101CE000150A9DED140ADDED270AB0EE001A01EE8B
:101CF000200AA448D0ED000A30EE200A8DED140A27
:101D00009DED130ADDED260AB0EE001A01EE200A61
:101D10000846D0ED000A30EE200A8DED130A1DE0D2
:101D20009DED150ADDED280AB7EE001A01EE200A36
:101D30008DED150A9DED140ADDED270AB7EE001AA8
:101D400001EE200A8DED140A9DED130ADDED260A41
:101D5000B7EE001A01EE200A8DED130A8B4890EDC4
:101D6000000AF1EE400A9DED150A20EE800A88482F
:101D700090ED001ADDED140A01EE600A854890ED41
:101D8000001ADDED130A01EE600A8DED030A0398D7
:101D9000FEF7ECFFCDE904019DED240B53EC102B75
:101DA0009DED040B51EC100BFEF7E1FECDE90801AF
:101DB00079480068FEF7DAFFCDE906019DED080BD2
:101DC00053EC102B9DED060B51EC100BFEF728FE8B
:101DD000CDE90A019DED0A0B51EC100BFFF70AF853
:101DE00023906D48D0ED000A9DED150A20EE800A83
:101DF000674890ED001ADDED130A01EE200A6548F0
:101E000090ED001ADDED140A01EE600A8DED030A73
:101E10000398FEF7ABFFCDE904019DED240B53ECD5
:101E2000102B9DED040B51EC100BFEF7A0FECDE93D
:101E3000080156480068FEF799FFCDE906019DEDBF
:101E4000080B53EC102B9DED060B51EC100BFEF71D
:101E5000E7FDCDE90A019DED0A0B51EC100BFEF7F1
:101E6000C9FF22904C48D0ED000A9DED140A20EEE7
:101E7000800A464890ED001ADDED130A01EE600A73
:101E8000444890ED001ADDED150A01EE200A8DEDB3
:101E9000030A0398FEF76AFFCDE904019DED240BC8
:101EA00053EC102B9DED040B51EC100BFEF75FFE75
:101EB000CDE9080136480068FEF758FFCDE9060174
:101EC0009DED080B53EC102B9DED060B51EC100B08
:101ED000FEF7A6FDCDE90A019DED0A0B51EC100BB2
:101EE000FEF788FF21902C48D0ED000A9DED130AE3
:101EF00020EE800A254890ED001ADDED140A01EE6F
:101F0000200A234890ED001ADDED150A01EE600A63
:101F10008DED030A0398FEF729FFCDE904019DED3D
:101F2000240B53EC102B9DED040B51EC100BFEF722
:101F30001EFECDE9080117480068FEF717FFCDE93E
:101F400006019DED080B53EC102B9DED060B51EC9B
:101F5000100BFEF765FDCDE90A019DED0A0B51EC72
:101F6000100BFEF747FF20909DED230A60EE000A5C
:101F70009DED220A40EE000A10E000009CC4A03E45
:101F8000500200205402002058020020600200206D
:101F900064020020680200205C0200209DED210AFE
:101FA00040EE000A9DED200A40EE000ACDED0C0A3D
:101FB0009DED0C0A07F09AFD8DED340A9DED230A84
:101FC000DDED340A20EE200AB04880ED000A9DEDD8
:101FD000220ADDED340A20EE200AAD4880ED000A29
:101FE0009DED210ADDED340A20EE200AA94880ED9E
:101FF000000A9DED200ADDED340A20EE200AA648F5
:1020000080ED000AA54890ED000AA54880ED000A81
:10201000A04890ED000AF8EE000A20EE200AD0ED6C
:10202000000A20EE200A9C48D0ED000AB0EE001A0B
:1020300060EE810A90ED001A00EEC10AF7EE000A88
:1020400030EE200A8DED010A0198FEF78FFECDE9F2
:1020500004018F4890ED000AF0EE000A20EE200AFD
:102060008C48D0ED000A20EE200A8848D0ED000A06
:10207000B0EE001A60EE810A874890ED001A00EE7B
:10208000810A8DED010A0198FEF770FECDE902018B
:102090009DED041B9DED020B05F0EAFE8DED060B98
:1020A0009DED060B51EC100B81F000419FED7D0B77
:1020B00053EC102BCDE908019DED080B51EC100BF2
:1020C000FEF755FDCDE90A019DED0A0B51EC100B11
:1020D000FEF790FE714908606D4890ED000AF8EE39
:1020E000000A20EE200A6C48D0ED000A20EE200AFB
:1020F0006648D0ED000AB0EE001A60EE810A65482D
:1021000090ED001A00EE810A8DED030A0398FEF7A8
:102110002DFECDE904019DED040B05F08DFB8DED49
:10212000060B9DED060B51EC100B81F000419FED6D
:102130005D0B53EC102BCDE908019DED080B51EC24
:10214000100BFEF714FDCDE90A019DED0A0B51ECD1
:10215000100BFEF74FFE554988604D4890ED000A80
:10216000F8EE000A20EE200AD0ED000A20EE200A48
:102170004848D0ED000AB0EE001A60EE810A90EDFA
:10218000001A00EEC10AF7EE000A30EE200A8DEDCB
:10219000030A0398FEF7EAFDCDE906013D4890EDFC
:1021A000000AF0EE000A20EE200A3B48D0ED000ABB
:1021B00020EE200A3548D0ED000AB0EE001A60EE9D
:1021C000810A334890ED001A00EE810A8DED030A72
:1021D0000398FEF7CBFDCDE904019DED061B9DEDB7
:1021E000040B05F045FE8DED080B9FED2E0B53EC17
:1021F000102B9DED080B51EC100BFEF7B8FCCDE950
:102200000A019DED0A0B51EC100BFEF7F3FD274977
:10221000C860224890ED000A2148D0ED000A30EE57
:10222000600ADFED230AB4EEE00AF1EE10FA05DBF6
:1022300020480068401E1F49086013E0174890EDD1
:10224000000A1748D0ED000A30EE600ADFED1A0AE6
:10225000B4EEE00AF1EE10FA04D816480068401C0B
:1022600014490860134800684FF4B471484300EE05
:10227000100AB8EEC00A0948D0ED000A30EE200A74
:102280000A4880ED040A35B000BD00005C02002061
:10229000600200206402002068020020700200201A
:1022A0006C02002000000000DCA54C40C81B002090
:1022B0000000A543780200200000A5C3034880ED7C
:1022C000000AC0ED010A80ED021A7047401B002091
:1022D00010B52DED048B9FED3C0AB0EE408A9FEDCA
:1022E0003A0AF0EE408A9FED380AB0EE409A002498
:1022F00051E0364A911E881E02F0E3FE3348001F6B
:10230000B0F9000000EE100AB8EEC00ADFED300AA6
:1023100080EE201AB0EE000A61EE000A9FED2D1A41
:10232000B0EE480A00EE810AB0EE408A2748001F4E
:10233000B0F9020000EE100AB8EEC00A9FED241AB0
:10234000C0EE010AB0EE000A60EE800A9FED211A8D
:10235000B0EE680A00EE810AF0EE408A1B48001FCA
:10236000B0F9040000EE100AB8EEC00A9FED181A8A
:10237000C0EE010AB0EE000A60EE800A9FED151A69
:10238000B0EE490A00EE810AB0EE409A032007F051
:1023900051FD601CC4B2C82CABDB9FED0F0AC8EE28
:1023A000000A0E48C0ED000A9FED0B0AC8EE800A35
:1023B000C0ED010A9FED080AC9EE000AC0ED020A4D
:1023C000BDEC048B10BD0000000000006C1B002061
:1023D000000000470AE81C410000C842901B002092
:1023E00031B52DED060B2DED108B94B004469DED0F
:1023F000281BB0EE410AF0EE610A9FEDED1B53EC95
:10240000112B51EC100BFEF7B2FB41EC180B9DEDBC
:10241000261BB0EE410AF0EE610A9FEDE51B53EC7E
:10242000112B51EC100BFEF7A2FBCDE900019DED45
:10243000241BB0EE410AF0EE610A9FEDDD1B53EC68
:10244000112B51EC100BFEF792FB41EC190BB0EE87
:10245000480AF0EE680A05F003FEB0EE40AAF0EE7E
:1024600060AA9DED000B05F0FBFDB0EE40BAF0EE6A
:1024700060BA53EC1A2B51EC1B0BFEF778FBCDE93D
:102480000201B0EE480AF0EE680A05F059FEB0EE1F
:1024900040CAF0EE60CAB0EE490AF0EE690A05F0F3
:1024A000DFFDB0EE40DAF0EE60DA53EC1C2B51ECBD
:1024B0001D0BFEF75CFB41EC1A0BB0EE480AF0EE88
:1024C000680A05F0CDFDB0EE40CAF0EE60CA9DEDA1
:1024D000000B05F035FEB0EE40EAF0EE60EAB0EE3B
:1024E000490AF0EE690A05F02BFEB0EE40FAF0EE74
:1024F00060FA53EC1E2B51EC1F0BFEF738FB41EC3E
:102500001D0B53EC1C2BFEF732FB41EC1B0B53EC69
:102510001A2BFEF726FBCDE90401B0EE480AF0EED7
:10252000680A05F00DFEB0EE40CAF0EE60CAB0EEEB
:10253000490AF0EE690A05F003FEB0EE40DAF0EE6B
:1025400060DA53EC1C2B51EC1D0BFEF710FB41EC39
:102550001A0BB0EE480AF0EE680A05F081FDB0EE05
:1025600040CAF0EE60CA9DED000B05F0E9FDB0EE4B
:1025700040EAF0EE60EAB0EE490AF0EE690A05F0D2
:102580006FFDB0EE40FAF0EE60FA53EC1E2B51EC0A
:102590001F0BFEF7ECFA41EC1D0B53EC1C2BFEF766
:1025A000E6FA41EC1B0B53EC1A2BFEF739FACDE996
:1025B0000601B0EE480AF0EE680A05F0C1FDB0EE83
:1025C00040AAF0EE60AA9DED000B05F049FDB0EECB
:1025D00040BAF0EE60BA53EC1A2B51EC1B0BFEF72D
:1025E000C6FACDE90801B0EE480AF0EE680A05F037
:1025F00037FDB0EE40CAF0EE60CAB0EE490AF0EE28
:10260000690A05F02DFDB0EE40DAF0EE60DA53EC29
:102610001C2B51EC1D0BFEF7AAFA41EC1A0BB0EE85
:10262000480AF0EE680A05F08BFDB0EE40CAF0EE05
:1026300060CA9DED000B05F083FDB0EE40EAF0EEC0
:1026400060EAB0EE490AF0EE690A05F079FDB0EEF5
:1026500040FAF0EE60FA53EC1E2B51EC1F0BFEF724
:1026600086FA41EC1D0B53EC1C2BFEF780FA41EC73
:102670001B0B53EC1A2BFEF7D3F9CDE90A01B0EE90
:10268000480AF0EE680A05F0EBFCB0EE40CAF0EE46
:1026900060CAB0EE490AF0EE690A05F051FDB0EEED
:1026A00040DAF0EE60DA53EC1C2B51EC1D0BFEF718
:1026B0005EFA41EC1A0BB0EE480AF0EE680A05F03B
:1026C0003FFDB0EE40CAF0EE60CA9DED000B05F094
:1026D00037FDB0EE40EAF0EE60EAB0EE490AF0EE07
:1026E000690A05F0BDFCB0EE40FAF0EE60FA53EC7A
:1026F0001E2B51EC1F0BFEF73AFA41EC1D0B53EC6D
:102700001C2BFEF734FA41EC1B0B53EC1A2BFEF793
:1027100028FACDE90C019DED000B05F011FDB0EE9E
:1027200040AAF0EE60AA51EC1A0B81F00041CDE90D
:102730000E019DED000B05F093FCB0EE40AAF0EE0B
:1027400060AAB0EE490AF0EE690A05F0F9FCB0EEB5
:1027500040BAF0EE60BA53EC1A2B51EC1B0BFEF7AB
:1027600006FACDE910019DED000B05F079FCB0EE05
:1027700040AAF0EE60AAB0EE490AF0EE690A05F050
:102780006FFCB0EE40BAF0EE60BA53EC1A2B51EC8D
:102790001B0BFEF7ECF9CDE91201482202A92046F5
:1027A000FEF71AF914B0BDEC108B07B030BD000075
:1027B000000000A046DF913F00BFFEE710B50221F8
:1027C000064800F099FB38B1054A0021034800F0A3
:1027D000EFFC034800F006F810BD00000064004064
:1027E0002C05002038B504462068B0F5017F14D0D0
:1027F00007DCA0F2012068B101280CD002287DD1AD
:102800000AE0A0F20520002879D0A0F20B100028E1
:10281000F5D1CCE000BF00BF00BF2078401E754955
:1028200008700846007800EB8000734931F82000FA
:102830007049097801EB81016F4A02EB8101B1F91E
:102840000810401AB0F5805F10DD6A48007800EB90
:102850008000114601EB8000C068401E6549097880
:1028600001EB810102EB8101C86023E0614800783F
:1028700000EB8000604931F820005E49097801EBE7
:1028800081015D4A02EB8101B1F90810401A10F58F
:10289000805F0FDA5748007800EB8000114601EBAB
:1028A0008000C068401C5349097801EB810102EBAC
:1028B0008101C8604F48007800EB80004E4931F834
:1028C000200000B24B49097801EB81014A4A02EB32
:1028D00081010881207BE17A40EA0120454909789D
:1028E00001EB810122F82100A17B607B41EA0020FD
:1028F00000B24049097801EB810101E077E034E062
:1029000002EB81014880217CE07B41EA002000B29B
:102910003849097801EB810102EB81018880607CF4
:102920003449097801EB810102EB8101887131485A
:10293000007800EB8000114631F820102D48007817
:1029400000EB800002EB8000C06801EB40302949B9
:10295000097801EB810102EB8101086125490978C1
:10296000091DC8B201F002FA42E0204600F02CFD39
:102970002248008800B221490881207BE17A40EAA0
:1029800001201E490880A17B607B41EA002000B243
:102990001A494880217CE07B41EA002000B21749B7
:1029A0008880607C8871032001F0E0F920E0207BC2
:1029B000E17A40EA012000B211494880A17B607BA6
:1029C00041EA002000B20E490880E07B8DF800004B
:1029D000207C8DF80100607C8DF80200A07C8DF8D1
:1029E00003009DED000A084680ED010A00E000BFEB
:1029F00000BF38BD3C000020B8040020A404002023
:102A0000300000202DE9F0418AB004460D461646FC
:102A10001F46DDF840800121084603F0F9FD012141
:102A2000480603F005FE0121480603F011FE0021CF
:102A30004FF0007003F00CFE4FF4C05008900220DD
:102A40008DF8240000208DF8260003208DF8250045
:102A500001208DF8270008A9314801F007FE09225E
:102A60000B212F4801F04AFE09220C212C4801F0CD
:102A700045FE00208DF81A0001208DF81B00002073
:102A80008DF81C0001208DF81D0000208DF81E001F
:102A90008DF81F008DF816808DF817408DF818609E
:102AA0008DF81950ADF8147005A91E4800F0BDFA54
:102AB00000208DF80E008DF80F0001208DF8100019
:102AC0000020ADF80400ADF80600ADF80800ADF840
:102AD0000A00ADF80C0001208DF8110001A800F0EB
:102AE00087F9012202210F4800F096FA00224FF4E4
:102AF00000410C4800F090FA14208DF800000420EA
:102B00008DF8010000208DF8020001208DF80300EF
:102B1000684603F003FC00200AB0BDE8F081000025
:102B2000000002400064004010B51021064800F08B
:102B3000E3F938B1054A0121034800F039FB0348A5
:102B400000F006F810BD00000068004040050020BD
:102B500008B50168A1F2115111B101294AD111E062
:102B6000C17A8DF80010017B8DF80110417B8DF842
:102B70000210817B8DF803109DED000A1F4981ED45
:102B8000000A38E0817CA1B1012181F3138800BFE4
:102B900000BFBFF34F8F1A49096801F4E061194A79
:102BA0001143091D164A1160BFF34F8F00BF00BFCC
:102BB000FEE7017BC27A41EA022109B2124A118082
:102BC000827B417B42EA012109B20F4A51800021F8
:102BD0009180D180027CC17B42EA012109B20A4A7C
:102BE0001181417C09119172417C01F00F0206496B
:102BF000CA7200E000BF00BF08BD0000380000201E
:102C00000CED00E00000FA05080500202DE9F04178
:102C10008AB004460D4616461F46DDF84080012165
:102C2000022003F0F5FC0121880603F001FD0121DB
:102C3000880603F00DFD00214FF0806003F008FDD1
:102C40006020089002208DF8240000208DF82600D6
:102C500003208DF8250001208DF8270008A93248AF
:102C600001F004FD092205212F4801F047FD09224A
:102C700006212D4801F042FD00208DF81A000120A8
:102C80008DF81B0000208DF81C0001208DF81D0020
:102C900000208DF81E008DF81F008DF816808DF82D
:102CA00017408DF818608DF81950ADF8147005A90B
:102CB0001E4800F0BAF90E208DF80E0000208DF8A5
:102CC0000F0001208DF810000020ADF80400ADF8D1
:102CD0000600ADF80800ADF80A000120ADF80C00C0
:102CE0008DF8110001A800F083F8012210210F488F
:102CF00000F092F900224FF400410D4800F08CF9E9
:102D000041208DF8000004208DF8010000208DF88E
:102D1000020001208DF80300684603F0FFFA00204E
:102D20000AB0BDE8F08100000004024000680040E5
:102D300000640040F0B585B004460D4616461F46B7
:102D40004FF40070009000208DF808008DF8090005
:102D500008208DF80A00200A8DF80B00E1B28DF8EA
:102D60000C10290A8DF80D10E9B28DF80E10310AF9
:102D70008DF80F10F1B28DF81010390A8DF811107E
:102D8000F9B28DF812106946024800F089FA05B0D0
:102D9000F0BD00000064004030B585B004460D462B
:102DA00040F2FF10009000208DF808008DF8090017
:102DB00008208DF80A00200A8DF80B00E1B28DF88A
:102DC0000C10290A8DF80D10E9B28DF80E100021B3
:102DD0008DF80F108DF810108DF811108DF812105D
:102DE0006946024800F05CFA05B030BD006400405E
:102DF00010B50021837A012202FA03F13D4A1268DC
:102E000042F001023B4B1A603A4A1C3212688A4374
:102E1000384B1C331A60027BCAB9364A0C3212682E
:102E20008A43344B0C331A604288C38842EA034316
:102E3000304A4032847A42F834300288838842EA49
:102E400003432C4A4032847A02EBC4025360027B73
:102E5000012A19D1274A0C3212680A43254B0C3338
:102E60001A604288038842EA0343224A4032847A45
:102E700042F83430C288838842EA03431D4A403214
:102E8000847A02EBC4025360C27A3AB9194A121D1D
:102E900012688A43174B1B1D1A6006E0154A121D63
:102EA00012680A43134B1B1D1A60028932B9114A7A
:102EB000143212688A430F4B14331A600289012AB4
:102EC00006D10C4A143212680A430A4B14331A60B2
:102ED000427B012A06D1074A1C3212680A43054B7D
:102EE0001C331A60034A126822F00102014B1A6077
:102EF00010BD00000066004070B504460D46002677
:102F000060692840002871D0B5F5807F5CD010DC66
:102F1000082D35D006DC012D20D0022D24D0042D23
:102F200072D127E0102D31D0202D35D0402D6BD11E
:102F300038E0B5F5004F60D009DCB5F5007F49D029
:102F4000B5F5806F4CD0B5F5006F5DD14FE0B5F5AC
:102F5000803F2DD0B5F5003F56D12FE0A0682D4918
:102F600000F0B6FC064651E0E068032100F0B0FC3A
:102F700006464BE0E068082100F0AAFC064645E062
:102F8000E068102100F0A4FC06463FE02069032120
:102F900000F09EFC064639E02069082100F098FC0C
:102FA000064633E02069102100F092FC06462DE031
:102FB0006068082100F08CFC064627E0606810215C
:102FC00000F086FC064621E0A069012100F080FCAB
:102FD00006461BE0A069022100F07AFC064615E0D7
:102FE000A069042100F074FC06460FE00FE0A06920
:102FF000702100F06DFC064608E06068042100F0D6
:1030000067FC064602E0FFE7002600BF00E000265E
:10301000304670BD010101001AB143690B434361A1
:1030200002E043698B434361704730B5024600209C
:103030000023146824F002041460146844F00104AE
:10304000146000E05B1C546804F001041CB94FF6E6
:10305000FF74A342F6D1546804F001040CB90020B7
:103060006CE08C79012C04D1146844F08004146065
:1030700003E0146824F080041460CC79012C04D19E
:10308000146844F04004146003E0146824F0400421
:1030900014600C7A012C04D1146844F020041460EC
:1030A00003E0146824F0200414604C7A012C04D14D
:1030B000146844F01004146003E0146824F0100451
:1030C00014608C7A012C04D1146844F00804146054
:1030D00003E0146824F008041460CC7A012C04D1B5
:1030E000146844F00404146003E0146824F0040439
:1030F00014608C78A407CD7844EA05640D7944EA1D
:1031000005444D7944EA05540D886D1E2C43D46165
:10311000146824F001041460002300E05B1C546870
:1031200004F001041CB14FF6FF74A342F6D15468B9
:1031300004F001040CB1002000E0012030BD0000CB
:1031400000B585B040F21160009000208DF80800B5
:103150008DF8090008208DF80A00134800788DF8D2
:103160000B00114841788DF80C10408801128DF841
:103170000D100D4881788DF80E10808801128DF8A1
:103180000F10094801798DF81010C08801128DF8D0
:103190001110054881798DF812106946034800F036
:1031A0007FF805B000BD0000200500200068004049
:1031B00010B500F5D87303EB01131B6803F004038B
:1031C0001372137A53B900F5D87303EB01131B681C
:1031D00040F2FF7404EA5353136009E000F5D8731A
:1031E00003EB01131B686FF0604404EAD3035360E0
:1031F00000F5D87303EB01131B6803F0020353724D
:1032000000F5D87303EB01135B6803F00F039372AF
:1032100000F5D87303EB01135B681B0AD37400F548
:10322000D87303EB01139B68D37200F5D87303EBDB
:1032300001139B681C0A147300F5D87303EB011388
:103240009B681C0C547300F5D87303EB01139B6847
:103250001B0E937300F5D87303EB0113DB68D37374
:1032600000F5D87303EB0113DB681C0A147400F536
:10327000D87303EB0113DB681C0C547400F5D8738E
:1032800003EB0113DB681B0E937421B9C36843F091
:103290002003C36003E0036943F02003036110BD12
:1032A00010B502460020936803F08063B3F1806F8D
:1032B00000D110E0936803F00063B3F1006F01D117
:1032C000012008E0936803F08053B3F1805F01D1DF
:1032D000022000E00420042874D002F5C07303EB40
:1032E00000131B6803F0010402F5C07303EB001325
:1032F0001C600B7A7BB94B7A0C8843EA445302F585
:10330000C07404EB00142468234302F5C07404EB7A
:103310000014236010E00B7A4C6843EAC4034C7A33
:10332000234302F5C07404EB00142468234302F520
:10333000C07404EB001423608B7A03F00F038B72CC
:1033400002F5C07303EB00135B6823F00F0402F572
:10335000C07303EB00135C6002F5C07303EB001352
:103360005B688C7A234302F5C07404EB001463603D
:103370008B7B1C064B7B44EA03440B7B44EA032310
:10338000CC7A234302F5C07404EB0014A3608B7C59
:103390001C064B7C44EA03440B7C44EA0323CC7BAD
:1033A000234302F5C07404EB0014E36002F5C0731C
:1033B00003EB00131B6843F0010402F5C07303EB39
:1033C00000131C6010BD000010B586B0044640F22A
:1033D0000520019000208DF80C008DF80D000820CC
:1033E0008DF80E00E07A8DF80F00217B8DF810101B
:1033F000617B8DF81110A17B8DF81210E17B8DF8A7
:103400001310217C8DF81410617C8DF81510A17CAF
:103410008DF8161001A90248FFF742FF06B010BD53
:103420000068004070B59FEDAD2AB0EE421A9FEDE6
:10343000AB2AF0EE421A9FEDA92AF0EE420A01688B
:10344000098902EE101AB8EE422AF0EE420A002173
:1034500013E000F5017202EB810292ED002A00F503
:10346000057202EB8102D2ED002A32EE622A9C4AFA
:1034700002EB810282ED002A491C0429E9DB984D08
:1034800095ED002ABDEEC22A12EE105A2CB2002C85
:1034900001DB254600E06542914E96ED012ABDEE26
:1034A000C22A12EE106A33B2002B01DB1E4600E086
:1034B0005E422E448A4D95ED022ABDEEC22A12EEDE
:1034C000105A2AB2002A01DB154600E055422E446C
:1034D000834D95ED032ABDEEC22A12EE105A29B291
:1034E000002901DB0D4600E04D42354402EE105A42
:1034F000B8EEC22A7B4D85ED002A90ED162ABDEE6E
:10350000C22A12EE105A2CB2002C01DB264600E033
:10351000664290ED282ABDEEC22A12EE105A2BB256
:10352000002B01DB1D4600E05D422E4490ED3A2A5F
:10353000BDEEC22A12EE105A2AB2002A01DB15464D
:1035400000E055422E4490ED4C2ABDEEC22A12EE08
:10355000105A29B2002901DB0D4600E04D423544E6
:1035600002EE105AB8EEC22AF0EE421AC168C97CC7
:10357000C1F34011F1B35C490988491C09B25A4AA8
:1035800011801146B1F9001064293ADD002136E0BE
:1035900001EBC10300F1380202EBC30292ED082AED
:1035A000DFED522AB4EEE22AF1EE10FA0AD89FEDCE
:1035B0004F2A01EBC10300F1380202EBC30282ED96
:1035C000082A1AE001EBC10300F1380202EBC30242
:1035D00092ED082ADFED462AB4EEE22AF1EE10FA67
:1035E0000BDB9FED432A01EBC10300F1380202EB34
:1035F000C30200E005E082ED082A4A1CD1B204298A
:10360000C6DBC168C97CC1F34011E9BB0021364A61
:1036100011809FED382AF4EEC20AF1EE10FA10D2B2
:103620009FED342AC0EE822A22EEA22AB0EE421A80
:103630009FED312A21EE022AF1EE002A22EE220A23
:1036400001E09FED2E0AF4EEC01AF1EE10FA31DD22
:103650002349D1ED002A234991ED003A82EE832AD5
:1036600022EE002A80ED162A1D49D1ED012A1D49BE
:1036700091ED003A82EE832A22EE002A80ED282A7C
:103680001749D1ED022A00E026E0164991ED003AF3
:1036900082EE832A22EE002A80ED3A2A1049D1EDEB
:1036A000032A104991ED003A82EE832A22EE002A85
:1036B00080ED4C2A00210DE001EBC10300F138023E
:1036C00002EBC30292ED082A0D4A02EB810282ED61
:1036D000002A491C0429EFDB70BD00000000000037
:1036E000A407002064000020700000200080BBC5FB
:1036F0000080BB450000704200401C4600401C4753
:10370000B4070020322007F005FD1F4806F062F8DC
:1037100039E01D48806800780421B1EB101F02D108
:1037200001201A49086000F0A9FD174805F08CFF38
:10373000154805F0F1FF144805F0AEFC124C94ED6D
:103740004C0ABDEEC00A10EE104A23B20E4C94EDA6
:103750003A0ABDEEC00A10EE104A22B20A4C94EDAD
:10376000280ABDEEC00A10EE104A21B2064C94EDB4
:10377000160ABDEEC00A10EE104A20B2FFF7DAFAC0
:10378000012007F0C7FCC4E77005002050000020AE
:1037900070B52DED068B0446122518E0681E04F561
:1037A000947101EBC00090ED000B084600EBC500E2
:1037B00080ED000B681E04F1080101EBC00090EDE4
:1037C000000B084600EBC50080ED000B6D1E002DC0
:1037D000E4DC94ED000B84ED020B94ED022BB0EED3
:1037E000420AF0EE620A384890ED002BB0EE421A21
:1037F000F0EE621A53EC102B51EC110BFDF7B7F9F8
:1038000004F5947203C2012549E004F5947000EBBD
:10381000C50090ED002BB0EE420AF0EE620A2B4894
:1038200000EBC50090ED002BB0EE421AF0EE621AEC
:1038300053EC102B51EC110BFDF799F941EC180BDF
:1038400004F1080000EBC50090ED002BB0EE420A39
:10385000F0EE620A1C4800EBC50090ED002BB0EEC4
:10386000421AF0EE621A53EC102B51EC110BFDF7DB
:103870007EF941EC1A0B94ED4A1BB0EE410AF0EED2
:10388000610A53EC102BFDF7CBF841EC190B53EC0C
:10389000182BFDF766F904F5947203C26D1C132D05
:1038A000B3DB94ED4A0B84ED920B94ED921BB0EEDA
:1038B000410AF0EE610A51EC100BFDF79BFA00EEA5
:1038C000100ABDEC068B70BDD0C7000870C8000898
:1038D0000246002002EA01030BB1012000E00020B3
:1038E000704700000246094B9A4201D2084801E0A5
:1038F0000648103801F000531BB1064B0B40C36063
:1039000002E0044B0B4083607047000010640240EB
:10391000006002407D0F7D0F0246094B9A4201D2A2
:10392000084801E00648103801F000531BB1064B6F
:103930000B40C36002E0044B0B4083607047000003
:1039400010640240006002407D0F7D0F21B10268CB
:1039500042F00102026003E0026822F0010202600C
:1039600070470000016821F0010101600021016041
:1039700041608160C1600161212141614A49884201
:1039800004D13D21484A103A91608CE046491831F3
:10399000884205D14FF47461434A103A916082E045
:1039A00041493031884205D14FF474113E4A103AF2
:1039B000916078E03C494831884205D14FF074610C
:1039C000394A103A91606EE037496031884204D13B
:1039D0003649354A103AD16065E03349783188423A
:1039E00004D13349304A103AD1605CE02E4990311D
:1039F000884204D12F492C4A103AD16053E02A4919
:103A0000A831884205D14FF03D51274A103AD16084
:103A100049E02949884204D13D21274A083A1160EA
:103A200041E025491831884205D14FF47461224A9A
:103A3000083A116037E020493031884205D14FF40F
:103A400074111D4A083A11602DE01B494831884223
:103A500005D14FF07461184A083A116023E0164905
:103A60006031884204D11149134A121F11601AE0D3
:103A700011497831884204D10D490F4A121F116053
:103A800011E00D499031884204D10A490A4A121FB7
:103A9000116008E00849A831884204D14FF03D5137
:103AA000054A121F11607047106002403D0000205F
:103AB000400F002000003D201064024021B1026848
:103AC00042F48022026003E0026822F48022026055
:103AD000704722B1036843F40023036003E00368E6
:103AE00023F400230360016170470146486880B2F7
:103AF0007047014600200A6802F400220AB1012042
:103B000000E000207047000010B500220268134B4F
:103B10001A40CC680B6823434C6923438C692343C8
:103B2000CC6923430C6A23434C6A23438C6A2343A6
:103B30004C6B23438C6B23431A430260426922F08F
:103B40000702D1E90B3423431A4342610B694360F6
:103B50004B6883608B68C36010BD00003F801CF021
:103B6000416070470021016041608160C160016176
:103B700041618161C161016241628162C16201632F
:103B8000416381637047704710B518E06948007859
:103B9000401C684908700846007800EBC000664980
:103BA00001EB8000C07CC0F3401040B1634890ED51
:103BB000000AF7EE000A30EE200A80ED000A5D48A8
:103BC00000780728E2DD5C4890F83700C0F3401029
:103BD00028B14FF480515A4800F0B5FD04E04FF48D
:103BE0008051574800F0ADFD5348C07CC0F34010F1
:103BF00028B14FF40061524800F0A5FD04E04FF4F5
:103C000080514F4800F09DFD4E480068401C4D49D2
:103C1000086008460068B0F5807F0CDD4FF48061D5
:103C2000474800F08EFD48480078C01C464908709F
:103C300000204449086044480078062807D14FF422
:103C400080613F4800F07FFD00203F4908703F48F9
:103C500090ED000AB5EEC00AF1EE10FA3ED13C48F4
:103C600090ED000AF7EE000A30EE200A80ED000A1F
:103C700090ED000ADFED370AB4EEE00AF1EE10FA3B
:103C800011DD0421344800F05CFD344890ED000A59
:103C9000F7EE000A30EE200A80ED000A9FED300AB0
:103CA0002B4880ED000A2D4890ED000AF0EE000A46
:103CB000B4EE600AF1EE10FA10D19FED290A80ED02
:103CC000000A0421244800F03EFD264890ED000A39
:103CD000F7EE000A30EE200A80ED000A214890ED50
:103CE000000A1648D0ED000AB4EE600AF1EE10FAB0
:103CF0001ED10421184800F024FD144890ED000A5C
:103D0000F7EE000A30EE200A80ED000A90ED000A7E
:103D1000DFED150AB4EEE00AF1EE10FA08DB9FEDD4
:103D2000100A80ED000A9FED0E0A0E4880ED000A91
:103D300010BD000025000020600300200C000020C2
:103D400000080240280000202C0000201C00002059
:103D5000100000200000C842000C024014000020A7
:103D600000000000180000200000484310B5044681
:103D700004EBC400454901EB8000006804EBC4017A
:103D8000424A02EB8101486008F0BAF804EBC40132
:103D90003E4A02EB8101086004EBC400114601EBCE
:103DA0008000C07CC0F38010B0B104EBC40001EB14
:103DB0008000C07C20F0400004EBC40102EB8101D4
:103DC000C87404EBC400114601EB8000006804EBEA
:103DD000C40102EB8101C86004EBC4002B4901EB74
:103DE0008000806990B304EBC401284A02EB810192
:103DF0008869804758B304EBC400244901EB800074
:103E0000C07C20F02000203004EBC4011F4A02EBEC
:103E10008101C87404EBC400114601EB8000C07C32
:103E200020F08000803004EBC40102EB8101C874F3
:103E300004EBC400114601EB8000006A28B304EBD8
:103E4000C40102EB8101086A80471EE00FE0FFE732
:103E500004EBC4000D4901EB8000C07C20F0800021
:103E600004EBC401094A02EB8101C8740DE004EBC4
:103E7000C400064901EB8000C07C20F0800004EB08
:103E8000C401024A02EB8101C87410BD6003002026
:103E900010B58CB00446302258496846FCF79CFDAA
:103EA00000209EE000EB40013DF8112000EBC00136
:103EB000534B03EB8101098A62F30B0100EBC00253
:103EC00003EB8202118200EB40016A4602EB4101E2
:103ED0004A8800EBC00103EB8101B1F8111062F3D5
:103EE0000F1100EBC00203EB8202A2F8111000EBED
:103EF00040016A4602EB4101097900EBC00203EB85
:103F00008202D27C61F3440200EBC00103EB810129
:103F1000CA74002100EBC00203EB8202916100EB46
:103F2000C00203EB8202D16100EBC00203EB82020C
:103F3000116200EBC0011A4602EB8101C97C21F03D
:103F40000101491C00EBC00203EB8202D17400EBBB
:103F5000C0011A4602EB8101C97C21F02001203109
:103F600000EBC00203EB8202D17400EBC0011A46E1
:103F700002EB8101C97C21F04001403100EBC0021D
:103F800003EB8202D17400EBC0011A4602EB8101FF
:103F9000C97C21F08001803100EBC00203EB82027A
:103FA000D1749FED180A10EE101A00EBC00203EB5B
:103FB0008202516100EBC0011A4602EB81010C60E4
:103FC00000EBC00102EB81014C6000EBC00102EB91
:103FD00081018C6000EBC00102EB8101CC60411CCF
:103FE000C8B20828FFF65EAF074905480166002100
:103FF0004166064981660CB010BD00006CC4000823
:104000006003002000000000FD680008B1AB00085C
:1040100007F076FF9449086008460068FFF738FF0C
:10402000392007F077F81EE107F06AFF8E49086033
:1040300008208E4908708E4890F8330120F0400126
:104040008B4880F8331190F8330120F02001884824
:1040500080F833110024F9E004EBC400844901EB3B
:104060008000C07C00F0010000B9EEE004EBC40069
:104070007F4901EB800000687B490968081A04EB5E
:10408000C4017B4A02EB8101098AC1F30B0188421A
:1040900050D904EBC400114601EB8000C07CC0F392
:1040A000401008BB04EBC40001EB8000C07C20F092
:1040B0004000403004EBC40102EB8101C87404EB02
:1040C000C400114601EB8000C07C20F020002030AD
:1040D00004EBC40102EB8101C8746348006804EB7F
:1040E000C40102EB8101886004EBC400604901EB6C
:1040F0008000C07CC0F343005C49097801EBC1013A
:104100005B4A02EB8101C97CC1F34301884201DDB6
:1041100056490C7004EBC400554901EB8000C0699E
:10412000002806D004EBC401514A02EB8101C869A2
:10413000804789E004EBC4004D4901EB8000C06872
:1041400049490968081A04EBC401494A02EB810194
:10415000B1F81110B0EB111F1BD204EBC4001146D3
:1041600001EB8000C07C20F0400004EBC40102EBB6
:104170008101C87404EBC400114601EB8000C07CCF
:1041800020F02000203004EBC40102EB8101C87450
:104190005AE004EBC400364901EB8000C07C20F0FB
:1041A000400004EBC401324A02EB8101C87404EB05
:1041B000C400114601EB8000C07CC00968B104EB6B
:1041C000C40001EB8000C07C20F02000203004EB14
:1041D000C40102EB8101C8740DE004EBC400244962
:1041E00001EB8000C07C20F0200004EBC401204AD9
:1041F00002EB8101C87404EBC4001D4901EB80008F
:10420000006804EBC4011A4A02EB81014968884244
:104210001AD904EBC400114601EB8000006804EBDE
:10422000C40102EB81014968401A00EE100AF8EE61
:10423000400A9FED101A81EE200A10EE100A04EBDE
:10424000C40102EB8101486100BF641C082CFFF629
:1042500003AFFFF799FC0A2006F05CFF002006F090
:104260008BFD05490860DFE62000002024000020C7
:104270006003002000007A440400002010B52DEDFA
:104280000C8B684890ED040A674880ED000A674887
:1042900090ED010ADFED660A30EE200ADFED650AD7
:1042A00020EE200ADFED640A80EE201A11EE104A9B
:1042B0002046FCF75BFD41EC1D0BB0EE4D0AF0EE25
:1042C0006D0A03F0CDFEB0EE40BAF0EE60BA574989
:1042D000B1F90200FCF72CFD41EC1C0B53EC1B2B3D
:1042E000FCF745FC41EC190B504890ED010ADFED5D
:1042F000500A30EE200ADFED4F0A20EE200ADFEDF3
:104300004E0A80EE201A11EE104A2046FCF72EFDD0
:1043100041EC1D0BB0EE4D0AF0EE6D0A03F010FFFC
:10432000B0EE40BAF0EE60BA4049B1F90000FCF7D7
:10433000FFFC41EC1C0B53EC1B2BFCF718FC41EC75
:104340001A0B53EC192BFCF70CFC41EC180BFCF787
:1043500051FD3A490860354890ED010ADFED340A15
:1043600030EE200ADFED330A20EE200ADFED320ABC
:1043700080EE201A11EE104A2046FCF7F7FC41ECC3
:104380001D0BB0EE4D0AF0EE6D0A03F0D9FEB0EE53
:1043900040BAF0EE60BA2549B1F90200FCF7C8FC5A
:1043A00041EC1C0B53EC1B2BFCF7E1FB41EC190B14
:1043B0001E4890ED010ADFED1E0A30EE200ADFED07
:1043C0001D0A20EE200ADFED1C0A80EE201A11EEF5
:1043D000104A2046FCF7CAFC41EC1D0BB0EE4D0A1A
:1043E000F0EE6D0A03F03CFEB0EE40BAF0EE60BABB
:1043F0000E49B1F90000FCF79BFC41EC1C0B53EC9F
:104400001B2BFCF7B4FB41EC1A0B53EC192BFCF7FC
:1044100007FB41EC180BFCF7EDFC08494860BDECCC
:104420000C8B10BDC81B0020A40000203000002011
:1044300000003442C3F54840000034439C00002093
:1044400001490860704700000C3C024070B504460A
:104450000A460026092502B909E0012A01D11602FF
:1044600005E0022A01D1160201E04FF4407600F087
:104470009DF80546092D28D11548006820F44070A4
:104480001349086008460068304308600846006821
:1044900020F0F80008600846006844F00201084374
:1044A0000B4908600846006840F48030086000F05E
:1044B0007DF805460648006820F0020004490860BF
:1044C0000846006820F0F8000860284670BD00002B
:1044D000103C024009201349096801F48031B1F50C
:1044E000803F01D101201CE00E49096801F0100154
:1044F00009B1062015E00B49096801F4807109B182
:1045000002200EE00749096801F0E00109B1072027
:1045100007E00449096801F0020109B1082000E040
:10452000092070470C3C02400348006840F00040FE
:104530000149086070470000103C024030B5024657
:104540000C46092500F032F80546092D17D10D4813
:10455000006820F440700B49086008460068086055
:104560000846006840F001000860147000F01EF872
:1045700005460448006820F001000249086028460A
:1045800030BD0000103C02400548006800F00040CB
:1045900028B1044802490C39086003480860704794
:1045A000103C024023016745AB89EFCD08B50920D7
:1045B0000090FFF78FFF009002E0FFF78BFF009065
:1045C0009DF800000128F8D09DF8000008BD10B546
:1045D000FFF7DAFFF120FFF733FF01215820FFF743
:1045E00035FFFFF7A1FF10BD0246054B002103E098
:1045F000585C5054481CC1B23029F9DB0020704788
:1046000000000E0870B505460A4EFFF7E0FFFFF701
:10461000BBFF002408E0E120FFF712FF295D3019FD
:10462000FFF78CFF601CC4B2302CF4DBFFF77CFF7B
:10463000002070BD00000E0810B5044604B910BD7E
:10464000A28811B22268128810B205F017FA00EEA3
:10465000100AB8EEC00A0448D0ED000A20EE200A85
:1046600084ED020A00BFEAE748000020F0B50A46E0
:1046700000210023002400BF3DE0012505FA01F3DD
:10468000156805EA03049C4234D105684F000326EF
:10469000BE40B543056015794E00B5400668354308
:1046A00005601579012D02D01579022D16D1856886
:1046B0004F000326BE40B543856055794E00B54096
:1046C000866835438560456801268E40B543456060
:1046D000456896798E40B6B235434560C5684F004F
:1046E0000326BE40B543C560D5794E00B540C668C7
:1046F0003543C560491C1029BFD3F0BDF0B5002378
:1047000000244D07ED0E02FA05F3CE1000F120054E
:1047100055F826504E07F70E0F26BE40B543CF1072
:1047200000F1200646F82750CE1000F1200555F87C
:10473000265045EA0304CE1000F1200545F8264036
:10474000F0BD4183704701837047000010B52DED27
:10475000048B244A911E881E00F00CFD21480C3861
:10476000B0F9080000EE100AF8EEC00A1E48B0F9D1
:10477000080000EE100AB8EEC00A30EEC00AB0EE33
:10478000408A18480C38B0F90A0000EE100AF8EE1A
:10479000C00A1548B0F90A0000EE100AB8EEC00AC7
:1047A00030EEC00AF0EE408A0E480C38B0F90C002A
:1047B00000EE100AF8EEC00A0B48B0F90C0000EE4B
:1047C000100AB8EEC00A30EEC00AB0EE409AB0EE61
:1047D000491AF0EE680AB0EE480A00F08DF8BDEC18
:1047E000048B10BD741B00207C1B002010B52DED28
:1047F000088B05F05BFB0446FCF7ABFA41EC180BA9
:104800004FF0E02040694FF0E0218969401A4FF4F1
:104810007A7148434FF0E0214969B0FBF1F420463A
:10482000FCF797FA9FED090B53EC102BFCF79FF95F
:1048300053EC182BFCF7F4F841EC190BB0EE490AD5
:10484000F0EE690ABDEC088B10BD0000FCA9F1D2A6
:104850004D62503F10B5044605F0D0F8206041F29B
:10486000C850A08010BD000010B5044605F05CF9EA
:104870000B49087000F0BCF90949488000F0BEF906
:104880000749888000F0AEF90549C88000F0BCF9FE
:104890000349487005F010F90149886010BD000017
:1048A00064050020322006F035FC1048FFF7D2FFE7
:1048B0001AE00E48FFF7D8FFFEF742FC0B48FFF75F
:1048C000BBFE0B4890ED000A0A4880ED000A00216B
:1048D00090ED000ABDEEC00A10EE100A00B2FEF71D
:1048E0005BFA012006F016FCE3E700005405002007
:1048F000380000204400002010B52DED048BB0EEF0
:10490000408AF0EE608AB0EE419A18EE100AFCF789
:104910002DFA134A03C218EE900AFCF727FA104A40
:1049200002F5147203C219EE100AFCF71FFA0C4AC2
:1049300002F5946203C20A48FEF72AFF094880ED97
:10494000040A0948FEF724FF064880ED050A0748D7
:10495000FEF71EFF034880ED060ABDEC048B10BD78
:1049600008140020401B002058160020A818002022
:1049700000BFFEE710B5002424E0204A911E881EE7
:1049800000F0F8FB1D480C38B0F908001C49096814
:1049900008441B49086019480C38B0F90A00194945
:1049A000096808441749086014480C38B0F90C002D
:1049B00015490968084414490860032005F03AFACB
:1049C000601CC4B2C82CD8DB0D480068C82190FB1D
:1049D000F1F000B20D4908810A480068C82190FB37
:1049E000F1F000B20949488107480068C82190FBEE
:1049F000F1F000B20549888110BD0000741B002051
:104A0000980200209C020020A00200207C1B0020B5
:104A100010B500BF00F048FB0028FBD1FFF7AAFF4C
:104A200004F084F9FCF78AFB10BD00003BE0FCF7C2
:104A3000FBFCFFF78BFE04F02BFB1B4800F008FC8F
:104A4000FCF74EFD194890ED040ADFED190A20EE3F
:104A5000200ABDEEC00A10EE100A00B21249143945
:104A60000880124890ED050ADFED110A20EE200AB9
:104A7000BDEEC00A10EE100A00B248800B4890ED5F
:104A8000060ADFED0B0A20EE200ABDEEC00A10EE8A
:104A9000100A00B28880012006F03CFB002006F0DE
:104AA0006BF904490860C2E7DC1B0020401B0020B2
:104AB000F8C1F93C8C0200201CB506481E210023D9
:104AC0004FF40072CDE9001003A1064807F0D8F9B1
:104AD0001CBD000090020020494D555F7461736B4E
:104AE000000000002D4A00083EE020480068401CFD
:104AF0001E4908601E4800781D49497848401C49F5
:104B0000897848401A49C978484019490979484084
:104B10001749497948401649897948401449C97963
:104B200048401349087200240DE01148015D114806
:104B300002F00DFD00BF80210E4802F03DFC002870
:104B4000F9D0601CC4B2092CEFDB09480079401C85
:104B50000749087108460079042801D1012008712D
:104B60000548006806F0D6FABFE70000B80000204C
:104B7000AC00002000480040BC00002008B5A82080
:104B800004F090FE4FF4407001F004FC06F006F8CB
:104B90004FF4E13002F0EEFC04F09EFF00F0ECF880
:104BA000FFF736FF4FF480610D48FFF7CAFD4FF461
:104BB00000610B48FFF7C7FD0020032308221946B8
:104BC0000090FDF71FFF00200323082219460090E4
:104BD000FEF71CF84FF47A7004F086FE08BD000062
:104BE000000802400148008870470000F1000020E2
:104BF00001484089704700002E0900200148808943
:104C0000704700002E090020014800780009704715
:104C1000E808002070B504465CB12546B5F80100EF
:104C200000F10901284606F0DFFC10B1204604F02F
:104C30008BFF70BD08B596E000235A1E69464A48AE
:104C4000006806F013FE4948007858B99DF8000046
:104C5000A52807D10120454908709DF80000444966
:104C600008706FE041480078012807D102203F49D1
:104C700008709DF800003E49487063E03B480078AA
:104C8000022816D10320394908709DF800003849E0
:104C9000887008464078001D9DF8001040EA012009
:104CA000324948800846408864284BDD002008705F
:104CB00048E02E480078032807D104202B490870CB
:104CC0009DF800002A49C8703CE028480078042874
:104CD00014D10520254908709DF800002449087169
:104CE0000521234806F0A0FC18B100201F49888048
:104CF00028E000201D498880087023E01B480078C8
:104D000005281AD119484088002816DD1748408820
:104D1000401E164948809DF80020084680888988F2
:104D2000491C124B9980401D11490A54184640886D
:104D300040B906201946087004E000200B490870AD
:104D40004880888009480078062807D10848FFF77E
:104D500061FF00200549087048808880002006F027
:104D60000BF80449086067E788000020D0000020A5
:104D700084080020D80000201CB50121042001F087
:104D800047FC0121042001F043FC0121042001F033
:104D90003FFC0121082001F03BFC4FF480600090B3
:104DA00001208DF8040000208DF8060001208DF808
:104DB000070000208DF8050069461E48FFF756FCE5
:104DC0004FF40060009001208DF8040000208DF861
:104DD000060001208DF8070000208DF805006946C7
:104DE0001448FFF743FC4FF48050009001208DF8E9
:104DF000040000208DF8060001208DF80700002037
:104E00008DF8050069460B48FFF730FC0420009040
:104E100001208DF8040000208DF8060001208DF897
:104E2000070000208DF8050069460348FFF71EFCC7
:104E30001CBD000000080240000C024010B5002418
:104E40007521012000F03CFA04460A2004F0F2FF2C
:104E5000702C7DD180226B21012000F09BFA0A206A
:104E600004F0E8FF00226B21012000F093FA0A20F1
:104E700004F0E0FF07226821012000F08BFA0A20ED
:104E800004F0D8FF03226B21012000F083FA0A20EE
:104E900004F0D0FF00226C21012000F07BFA0A20F0
:104EA00004F0C8FF00221A21012000F073FA0A2042
:104EB00004F0C0FF00221921012000F06BFA0A2043
:104EC00004F0B8FF00221A21012000F063FA0A2042
:104ED00004F0B0FF10221B21012000F05BFA0A2031
:104EE00004F0A8FF00221C21012000F053FA0A2040
:104EF00004F0A0FF01223821104600F04BFA0A20EE
:104F000004F098FF01223721104600F043FA0A20EE
:104F100004F090FF0D222721012000F03BFA0A2027
:104F200004F088FF0D226721012000F033FA0A20E7
:104F300004F080FF0D222721012000F02BFA0A2027
:104F400004F078FF01226B21104600F023FA00E004
:104F50000BE00A2004F06EFF00226C21012000F01B
:104F600019FA0A2004F066FF01E0012010BD0020BC
:104F7000FCE710B500247521022000F0A1F90446D9
:104F80000A2004F057FF702C7DD180226B21022073
:104F900000F000FA0A2004F04DFF00226B210220ED
:104FA00000F0F8F90A2004F045FF072268210220EA
:104FB00000F0F0F90A2004F03DFF03226B210220EB
:104FC00000F0E8F90A2004F035FF00226C210220ED
:104FD00000F0E0F90A2004F02DFF00221A2102203F
:104FE00000F0D8F90A2004F025FF00221921022040
:104FF00000F0D0F90A2004F01DFF00221A2102203F
:1050000000F0C8F90A2004F015FF10221B2102202D
:1050100000F0C0F90A2004F00DFF00221C2102203C
:1050200000F0B8F90A2004F005FF0122382102201F
:1050300000F0B0F90A2004F0FDFE01223721022021
:1050400000F0A8F90A2004F0F5FE0D222721022025
:1050500000F0A0F90A2004F0EDFE0D2267210220E5
:1050600000F098F90A2004F0E5FE0D222721022025
:1050700000F090F90A2004F0DDFE01226B210220ED
:1050800000F088F900E00BE00A2004F0D3FE0022D3
:105090006C21022000F07EF90A2004F0CBFE01E032
:1050A000012010BD0020FCE710B500F09DF9FFF7CE
:1050B000C5FE10B9FFF75DFF08B1012010BD00204B
:1050C000FCE770B586B004460D46164604AB0622D2
:1050D0003B21012000F020F910B1012006B070BD85
:1050E0009DF811009DF8101040EA012000B2ADF8C3
:1050F00004009DF813009DF8121040EA012000B250
:10510000ADF806009DF815009DF8141040EA012046
:1051100000B2ADF8080004AB06223B21022000F0EB
:10512000FBF808B10120D9E79DF811009DF8101097
:1051300040EA012000B2ADF80A009DF813009DF886
:10514000121040EA012001B2ADF80C109DF81500D4
:105150009DF8141040EA012001B2ADF80E10BDF820
:1051600004002080BDF806002880BDF808003080CB
:105170000020B3E770B586B004460D46164604AB72
:1051800006224321012000F0C7F810B1012006B02B
:1051900070BD9DF811009DF8101040EA012000B28A
:1051A000ADF804009DF813009DF8121040EA0120AC
:1051B00000B2ADF806009DF815009DF8141040EA05
:1051C000012000B2ADF8080004AB06224321022002
:1051D00000F0A2F808B10120D9E79DF811009DF870
:1051E000101040EA012000B2ADF80A009DF813004B
:1051F0009DF8121040EA012001B2ADF80C109DF8A4
:1052000015009DF8141040EA012001B2ADF80E100F
:10521000BDF90420BDF90C10501800EBD0714910F5
:1052200009B22180BDF90610BDF90A20881A00EBE9
:10523000D071491009B22980BDF90820BDF90E10BE
:10524000501800EBD071491009B2318000209EE760
:1052500030B52DED068B81B004466B46022241210C
:10526000012000F059F89DF801009DF8001040EA77
:10527000012005B22846FBF75BFD41EC1A0B9FEDC0
:105280000C0B53EC102BFBF7E4FC41EC190B9FEDDE
:105290000A0B53EC102BFBF7C3FB41EC180BFBF78D
:1052A000A9FD2060002001B0BDEC068B30BD0000E0
:1052B00052B81E85EBDD74400000000000002A405B
:1052C00070B504460D46012C04D110211048FFF79B
:1052D00038FA05E0022C03D110210E48FFF731FA0D
:1052E00045F0800001F052FCFF2001F04FFC064623
:1052F000012C04D110210648FFF725FA05E0022C05
:1053000003D110210348FFF71EFA304670BD00009C
:1053100000080240000002402DE9F04104460F461B
:1053200015461E46012C04D110211848FFF709FA32
:1053300005E0022C03D110211548FFF702FA47F0CF
:10534000800001F023FC0FE0012D04D1FF2001F0CB
:105350001DFC307003E0FF2001F018FC3070761C5B
:10536000781CC7B2681EC5B2002DEDD1012C04D146
:1053700010210648FFF7E7F905E0022C03D11021C0
:105380000348FFF7E0F90020BDE8F0810008024083
:105390000000024070B504460D461646012C04D1AB
:1053A00010210F48FFF7CDF905E0022C03D11021A1
:1053B0000C48FFF7C6F9284601F0E8FB304601F03B
:1053C000E5FB012C04D110210548FFF7BCF905E0ED
:1053D000022C03D110210348FFF7B5F9002070BD5E
:1053E00000080240000002401CB50121072001F026
:1053F0000FF90121880301F03BF9102000900120F2
:105400008DF8040000208DF8060003208DF80500BB
:1054100069461848FFF72AF91020009001208DF8FE
:10542000040000208DF8060003208DF80500694671
:105430001148FFF71BF9012000908DF804008DF84A
:10544000070000208DF8060003208DF8050069464E
:105450000A48FFF70BF901210848FFF772F901F03C
:1054600033FB10210348FFF76EF910210248FFF7C4
:105470006AF91CBD0008024000000240000402401E
:105480000FB400B595B09DED260B8DED060B9DED8F
:10549000060B51EC100B81F00041CDE908019DEDA8
:1054A0001E0B8DED060B9DED060B53EC102B9DEDA9
:1054B000080B51EC100BFBF76DFC7CD29DED260B1D
:1054C0008DED080B9DED1E0B8DED060B9DED080B74
:1054D00053EC102B9DED060B51EC100BFBF772FCFF
:1054E0006AD29DED260B8DED060B9DED060B51EC62
:1054F000100B81F00041CDE908019DED160B8DEDFB
:10550000060B9DED060B53EC102B9DED080B51EC9B
:10551000100BFBF73FFC7DD29DED160B8DED000BC4
:105520009DED000B53EC102B9FEDFE0B51EC100B7F
:10553000FBF776FACDE902019DED1E0B8DED000B18
:105540009DED000B53EC102B9DED020B51EC100B5D
:10555000FBF766FACDE904019DED260B8DED020BFC
:105560009DED020B53EC102B9DED040B51EC100B39
:10557000FBF756FACDE906019DED060B02F044FE5D
:105580008DED080B9FEDE90B53EC102B9DED080BF7
:1055900051EC100BFBF7EBFACDE912019FEDE50B97
:1055A00053EC102B9DED120B51EC100BFBF751FB44
:1055B000CDE90A0101E0C9E229E19DED240B8DED61
:1055C000060B9DED200B8DED040B9DED060B53ECB2
:1055D000102B9DED040B51EC100BFBF7C2FACDE93B
:1055E00008019DED120B53EC102B9DED080B51ECB7
:1055F000100BFBF72EFBCDE90C019DED1A0B8DED89
:10560000060B9DED220B8DED040B9DED060B53EC6F
:10561000102B00E034E09DED040B51EC100BFBF778
:10562000A0FACDE908019DED120B53EC102B9DED76
:10563000080B51EC100BFBF70CFBCDE90E019DEDB7
:105640001C0B8DED060B9DED180B8DED040B9DEDE8
:10565000060B53EC102B9DED040B51EC100BFBF7DC
:1056600080FACDE908019DED120B53EC102B9DED56
:10567000080B51EC100BFBF7ECFACDE9100164E2DA
:105680009DED160B8DED000B9DED000B53EC102BDB
:105690009FEDA40B51EC100BFBF763FACDE902016F
:1056A0009DED1E0B8DED000B9DED000B53EC102BB3
:1056B0009DED020B51EC100BFBF7B2F9CDE90401A3
:1056C0009DED260B8DED020B9DED020B53EC102B87
:1056D0009DED040B51EC100BFBF743FACDE90601ED
:1056E0009DED060B02F090FD8DED080B9FED8F0BED
:1056F00053EC102B9DED080B51EC100BFBF737FA18
:10570000CDE912019DED220B8DED060B9DED1A0BDF
:105710008DED040B9DED060B53EC102B9DED040B52
:1057200051EC100BFBF71DFACDE908019DED120BB2
:1057300053EC102B9DED080B51EC100BFBF789FA85
:10574000CDE90A019DED180B8DED040B9DED1C0BB1
:105750008DED020B9DED040B53EC102B9DED020B18
:1057600051EC100BFBF75CF9CDE906019DED060B42
:1057700051EC100B81F00041CDE908019DED120BB9
:1057800053EC102B9DED080B51EC100BFBF761FA5D
:10579000CDE90C019DED120B51EC100B81F0004195
:1057A0009FED640B53EC102BCDE908019DED080B28
:1057B00051EC100BFBF74DFACDE90E019DED200BDE
:1057C0008DED040B9DED240B8DED020B9DED040B77
:1057D00053EC102B9DED020B51EC100BFBF720F955
:1057E000CDE906019DED060B51EC100B81F0004157
:1057F000CDE908019DED120B53EC102B9DED080B2C
:1058000051EC100BFBF725FACDE910019DE19DED60
:105810001E0B8DED060B9DED060B51EC100B81F070
:105820000041CDE908019DED160B8DED060B9DEDB8
:10583000060B53EC102B9DED080B51EC100BFBF7F6
:10584000A9FA6ED29DED160B8DED000B9DED000BB0
:1058500053EC102B9FED330B51EC100BFBF7E0F8E2
:10586000CDE902019DED1E0B8DED000B9DED000BB2
:1058700053EC102B9DED020B51EC100BFBF7D0F805
:10588000CDE904019DED260B8DED020B9DED020B84
:1058900053EC102B9DED040B51EC100BFBF7C0F8F3
:1058A000CDE906019DED060B02F0AEFC8DED080B77
:1058B0009FED1E0B53EC102B9DED080B51EC100BC4
:1058C000FBF755F9CDE912019FED1A0B53EC102BA4
:1058D0009DED120B51EC100BFBF7BBF9CDE90A0162
:1058E0009DED240B8DED060B9DED200B8DED040B36
:1058F0009DED060B53EC102B9DED040B51EC100BA2
:10590000FBF72FF9CDE908019DED120B53EC102B9D
:105910009DED080B51EC100BFBF79BF9CDE90C0149
:105920000CE04CE0000000000000F03F0000000030
:105930000000004000000000000010409DED1A0B28
:105940008DED060B9DED220B8DED040B9DED060BF1
:1059500053EC102B9DED040B51EC100BFBF701F9F0
:10596000CDE908019DED120B53EC102B9DED080BBA
:1059700051EC100BFBF76DF9CDE90E019DED1C0B01
:105980008DED060B9DED180B8DED040B9DED060BBB
:1059900053EC102B9DED040B51EC100BFBF7E1F8D1
:1059A000CDE908019DED120B53EC102B9DED080B7A
:1059B00051EC100BFBF74DF9CDE91001C5E09DED61
:1059C000160B8DED000B9DED000B53EC102B1FED16
:1059D0002B0B51EC100BFBF7C4F8CDE902019DED48
:1059E0001E0B8DED000B9DED000B53EC102B9DED70
:1059F000020B51EC100BFBF7B4F8CDE904019DED5F
:105A0000260B8DED020B9DED020B53EC102B9DED43
:105A1000040B51EC100BFBF703F8CDE906019DEDEB
:105A2000060B02F0F1FB8DED080B1FED400B53EC64
:105A3000102B9DED080B51EC100BFBF798F8CDE9FE
:105A400012019DED180B8DED060B9DED1C0B8DEDE0
:105A5000040B9DED060B53EC102B9DED040B51EC4C
:105A6000100BFBF77EF8CDE908019DED120B53EC0E
:105A7000102B9DED080B51EC100BFBF7EAF8CDE96C
:105A80000A019DED220B8DED040B9DED1A0B8DEDA2
:105A9000020B9DED040B53EC102B9DED020B51EC12
:105AA000100BFAF7BDFFCDE906019DED060B51EC99
:105AB000100B81F00041CDE908019DED120B53EC74
:105AC000102B9DED080B51EC100BFBF7C2F8CDE944
:105AD0000C019DED200B8DED040B9DED240B8DED48
:105AE000020B9DED040B53EC102B9DED020B51ECC2
:105AF000100BFAF795FFCDE906019DED060B51EC71
:105B0000100B81F00041CDE908019DED120B53EC23
:105B1000102B9DED080B51EC100BFBF79AF8CDE91B
:105B20000E019DED120B51EC100B81F000411FEDA9
:105B30007F0B53EC102BCDE908019DED080B51ECC8
:105B4000100BFBF786F8CDE9100165E39DED260B00
:105B50008DED080B9DED1E0B8DED060B9DED080BDD
:105B600053EC102B9DED060B51EC100BFBF72AF9B3
:105B70007DD29DED1E0B8DED080B9DED160B8DED71
:105B8000060B9DED080B53EC102B9DED060B51EC15
:105B9000100BFBF717F96BD29DED160B8DED000B7B
:105BA0009DED000B53EC102B1FEDA20B51EC100BD5
:105BB000FAF736FFCDE902019DED1E0B8DED000BCE
:105BC0009DED000B53EC102B9DED020B51EC100BD7
:105BD000FAF7C7FFCDE904019DED260B8DED020B11
:105BE0009DED020B53EC102B9DED040B51EC100BB3
:105BF000FAF7B7FFCDE906019DED060B02F004FBB5
:105C00008DED080B1FEDB70B53EC102B9DED080B22
:105C100051EC100BFAF7ABFFCDE912019DED200B13
:105C20008DED060B9DED240B8DED040B9DED060B0C
:105C300053EC102B9DED040B51EC100BFAF791FF78
:105C4000CDE908019DED120B53EC102B9DED080BD7
:105C500051EC100BFAF7FDFFCDE90A019DED120B97
:105C600051EC100B81F000411FEDCE0B01E024E15F
:105C70005CE053EC102BCDE908019DED080B51ECD5
:105C8000100BFAF7E6FFCDE90C019DED180B8DED39
:105C9000040B9DED1C0B8DED020B9DED040B53ECE5
:105CA000102B9DED020B51EC100BFAF7B9FECDE96C
:105CB00006019DED060B51EC100B81F00041CDE982
:105CC00008019DED120B53EC102B9DED080B51ECD0
:105CD000100BFAF7BEFFCDE90E019DED220B8DED05
:105CE000040B9DED1A0B8DED020B9DED040B53EC97
:105CF000102B9DED020B51EC100BFAF791FECDE944
:105D000006019DED060B51EC100B81F00041CDE931
:105D100008019DED120B53EC102B9DED080B51EC7F
:105D2000100BFAF796FFCDE9100175E29DED160B09
:105D30008DED000B9DED000B53EC102B9FEDFE0B3A
:105D400051EC100BFAF70DFFCDE902019DED1E0B92
:105D50008DED000B9DED000B53EC102B9DED020B18
:105D600051EC100BFAF75CFECDE904019DED260B1A
:105D70008DED020B9DED020B53EC102B9DED040BF2
:105D800051EC100BFAF7EDFECDE906019DED060B87
:105D900002F03AFA8DED080B9FEDE90B53EC102B56
:105DA0009DED080B51EC100BFAF7E1FECDE9120165
:105DB0009DED220B8DED060B9DED1A0B8DED040B69
:105DC0009DED060B53EC102B9DED040B51EC100BCD
:105DD000FAF7C7FECDE908019DED120B53EC102B2D
:105DE0009DED080B51EC100BFAF733FFCDE90A01DA
:105DF0009DED180B8DED040B9DED1C0B8DED020B35
:105E00009DED040B53EC102B9DED020B51EC100B90
:105E1000FAF706FECDE906019DED060B51EC100BDD
:105E200081F00041CDE908019DED120B53EC102BE0
:105E30009DED080B51EC100BFAF70BFFCDE90C01AF
:105E40009DED120B51EC100B81F000419FEDBE0B4C
:105E500053EC102BCDE908019DED080B51EC100B14
:105E6000FAF7F7FECDE90E019DED200B8DED040B49
:105E70009DED240B8DED020B9DED040B53EC102BCF
:105E80009DED020B51EC100BFAF7CAFDCDE90601AE
:105E90009DED060B51EC100B81F00041CDE908019E
:105EA0009DED120B53EC102B9DED080B51EC100BDC
:105EB000FAF7CFFECDE91001AEE19DED260B8DED99
:105EC000080B9DED160B8DED060B9DED080B53ECAD
:105ED000102B9DED060B51EC100BFAF773FF7CD2E3
:105EE0009DED160B8DED000B9DED000B53EC102B73
:105EF0009FED910B51EC100BFAF792FDCDE90201E9
:105F00009DED1E0B8DED000B9DED000B53EC102B4A
:105F10009DED020B51EC100BFAF723FECDE90401C5
:105F20009DED260B8DED020B9DED020B53EC102B1E
:105F30009DED040B51EC100BFAF713FECDE90601B1
:105F40009DED060B02F060F98DED080B9FED7C0BCB
:105F500053EC102B9DED080B51EC100BFAF707FEDC
:105F6000CDE912019DED200B8DED060B9DED240B6F
:105F70008DED040B9DED060B53EC102B9DED040BEA
:105F800051EC100BFAF7EDFDCDE908019DED120B78
:105F900053EC102B9DED080B51EC100BFAF759FE4A
:105FA000CDE90A019DED120B51EC100B81F000417F
:105FB0009FED650B53EC102BCDE908019DED080B0F
:105FC00051EC100BFAF745FECDE90C019DED180BD5
:105FD0008DED040B9DED1C0B00E04AE08DED020BF6
:105FE0009DED040B53EC102B9DED020B51EC100BAF
:105FF000FAF716FDCDE906019DED060B51EC100BED
:1060000081F00041CDE908019DED120B53EC102BFE
:106010009DED080B51EC100BFAF71BFECDE90E01BC
:106020009DED220B8DED040B9DED1A0B8DED020BFA
:106030009DED040B53EC102B9DED020B51EC100B5E
:10604000FAF7EEFCCDE906019DED060B51EC100BC5
:1060500081F00041CDE908019DED120B53EC102BAE
:106060009DED080B51EC100BFAF7F3FDCDE9100193
:10607000D2E09DED160B8DED000B9DED000B53EC6A
:10608000102B9FED2D0B51EC100BFAF76AFDCDE9AB
:1060900002019DED1E0B8DED000B9DED000B53ECF1
:1060A000102B9DED020B51EC100BFAF75AFDCDE9C8
:1060B00004019DED260B8DED020B9DED020B53ECC3
:1060C000102B9DED040B51EC100BFAF7A9FCCDE958
:1060D00006019DED060B02F097F88DED080B9FED84
:1060E000180B53EC102B9DED080B51EC100BFAF72D
:1060F0003EFDCDE912019DED180B8DED060B9DEDDA
:106100001C0B8DED040B9DED060B53EC102B9DED40
:10611000040B51EC100BFAF724FDCDE908019DEDBD
:10612000120B53EC102B9DED080B51EC100BFAF7F2
:1061300090FDCDE90A010BE0000000000000F03FF7
:1061400000000000000000400000000000001040BF
:106150009DED220B8DED040B9DED1A0B8DED020BC9
:106160009DED040B53EC102B9DED020B51EC100B2D
:10617000FAF756FCCDE906019DED060B51EC100B2C
:1061800081F00041CDE908019DED120B53EC102B7D
:106190009DED080B51EC100BFAF75BFDCDE90C01FE
:1061A0009DED200B8DED040B9DED240B8DED020B71
:1061B0009DED040B53EC102B9DED020B51EC100BDD
:1061C000FAF72EFCCDE906019DED060B51EC100B04
:1061D00081F00041CDE908019DED120B53EC102B2D
:1061E0009DED080B51EC100BFAF733FDCDE90E01D4
:1061F0009DED120B51EC100B81F000411FED2E0BA9
:1062000053EC102BCDE908019DED080B51EC100B60
:10621000FAF71FFDCDE910019DED0A0B8DED080B7E
:106220009FED220B53EC102B9DED080B51EC100B46
:10623000FAF7B0FD2FD29DED0A0B8DED080B9DED09
:10624000080B51EC100B81F00041CDE90A019DEDE6
:106250000C0B8DED080B9DED080B51EC100B81F034
:106260000041CDE90C019DED0E0B8DED080B9DED70
:10627000080B51EC100B81F00041CDE90E019DEDB2
:10628000100B8DED080B9DED080B51EC100B81F000
:106290000041CDE910019DED0A0B9DED0C1B9DED1C
:1062A0000E2B9DED103B15B05DF814FB00000000B7
:1062B000000000000FB410B592B004469DED160B1F
:1062C0008DED000B9DED1C0B8DED020B9DED220B5A
:1062D0008DED040B9DED180B8DED060B9DED1E0B4A
:1062E0008DED080B9DED240B8DED0A0B9DED1A0B2A
:1062F0008DED0C0B9DED200B8DED0E0B9DED260B0A
:106300008DED100B482269462046FAF765FB12B066
:1063100010BC5DF814FB00BFFEE7704770B50021AC
:1063200000230F22C4781CB3174C246804F4E064E3
:10633000C4F5E064C4F30721C1F10404E3B20A41E7
:1063400044789C40E1B28478144021430C07210E2C
:106350000E4C05786155047804F01F050124AC400B
:1063600005786D11AD0005F1E025C5F8004109E0A3
:10637000047804F01F050124AC40054D0678761121
:1063800045F8264070BD00000CED00E000E400E0A0
:1063900080E100E002490143024A116070470000B9
:1063A0000000FA050CED00E0B0EE401A10B99FEDC8
:1063B000790A704790ED100A80ED110A90ED0F0AEE
:1063C00080ED100AC0ED060A80ED071A30EEC10A12
:1063D00080ED0F0A0178002975D190ED010AD0ED0A
:1063E0000F1A20EE210A80ED090A90ED0A0AD0ED7D
:1063F000021A90ED0F2A01EE820A80ED0A0A90ED52
:106400000D0A80ED0E0A90ED0C0A80ED0D0A90ED5C
:106410000F0AD0ED101A30EE610A80ED0C0A90EDF3
:10642000030AD0ED0C1A20EE210A80ED0B0A90ED44
:106430000A0AD0ED051AB4EEE10AF1EE10FA04DD15
:1064400090ED050A80ED0A0A10E090ED0A0AD0ED01
:10645000051AF1EE611AB4EEE10AF1EE10FA05D276
:1064600090ED050AB1EE400A80ED0A0A90ED090AA6
:10647000D0ED0A1A30EE210AD0ED0B1A30EE210AC7
:1064800080ED080A90ED080AD0ED041AB4EEE10A96
:10649000F1EE10FA04DD90ED040A80ED080A76E0D2
:1064A00090ED080AD0ED041AF1EE611AB4EEE10A9B
:1064B000F1EE10FA6BD290ED040AB1EE400A80EDD5
:1064C000080A64E0FFE70178012960D190ED0F0A26
:1064D000D0ED101A30EE610AD0ED011A20EE210A3B
:1064E00080ED090A90ED020AD0ED0F1A20EE210A84
:1064F00080ED0A0A90ED0D0A80ED0E0A90ED0C0A6F
:1065000080ED0D0A90ED0F0AD0ED101AB0EE002AC2
:1065100002EE610AD0ED111A30EE210A80ED0C0A6C
:1065200090ED030AD0ED0C1A20EE210A80ED0B0A43
:1065300090ED090AD0ED0A1A30EE210AD0ED0B1ABF
:1065400030EE210AD0ED081A30EE210A80ED080A5B
:1065500090ED080AD0ED041AB4EEE10AF1EE10FA5B
:1065600004DD90ED040A80ED080A10E090ED080AC1
:10657000D0ED041AF1EE611AB4EEE10AF1EE10FA70
:1065800005D290ED040AB1EE400A80ED080A90EDC4
:10659000080A0EE70000000000B102B97047017060
:1065A00092ED001A80ED011A92ED011A80ED021AA7
:1065B00092ED021A80ED031A80ED040AC0ED050A7F
:1065C0009FED0C1A80ED0E1A80ED0D1A80ED0C1A5D
:1065D0009FED081A80ED081A80ED0B1A80ED0A1A5B
:1065E00080ED091A80ED111A80ED101A80ED0F1A56
:1065F00000BFD3E70000000001460878A52804D1B9
:10660000C87A5A2801D1012070470020FCE7000019
:1066100029B1064A12680243044B1A6004E0034A97
:1066200012688243014B1A60704700003038024004
:1066300029B1064A12680243044B1A6004E0034A77
:1066400012688243014B1A607047000040380240D4
:1066500029B1064A12680243044B1A6004E0034A57
:1066600012688243014B1A607047000020380240D4
:1066700029B1064A12680243044B1A6004E0034A37
:1066800012688243014B1A60704700004438024090
:1066900029B1064A12680243044B1A6004E0034A17
:1066A00012688243014B1A60704700002438024090
:1066B000F0B5002100220024022500260223324FDB
:1066C0003F6807F00C0121B1042905D0082937D112
:1066D00005E02E4F076036E02D4F076033E02A4F6C
:1066E0003F1F3F68C7F38056274F3F1F3F6807F0A3
:1066F0003F036EB1264FB7FBF3F7DFF88CC0ACF168
:10670000040CDCF800C0CCF3881C07FB0CF40CE094
:106710001E4FB7FBF3F7DFF870C0ACF1040CDCF8E8
:1067200000C0CCF3881C07FB0CF4174F3F1F3F68D9
:10673000C7F301477F1C7D00B4FBF5F7076002E05B
:10674000124F076000BF00BF0F4F3F6807F0F00116
:106750000909104F7A5C0768D74047600A4F3F68C5
:1067600007F4E051890A0B4F7A5C4768D74087608D
:10677000054F3F6807F46041490B064F7A5C476854
:10678000D740C760F0BD0000083802400024F40084
:1067900000127A00D802002070B590B004460E4670
:1067A000154601210846FFF733FF01214804FFF792
:1067B0003FFF01214804FFF74BFF01214804FFF789
:1067C00047FF01214805FFF723FF07220321424825
:1067D000FDF794FF08200E9002208DF83C00002069
:1067E0008DF83E0002208DF83D0000208DF83F001E
:1067F0000EA93948FDF73AFF384800F065FD3848E2
:106800000A900020ADF82C00ADF82E004FF4806007
:10681000ADF830000420ADF832000020ADF83400AF
:106820000AA92E4800F024FE012240212B4800F046
:1068300041FD1021294800F009FD012240F22441C8
:10684000264800F0F0FD0121244800F027FD262015
:106850008DF83C0004208DF83D0000208DF83E00AE
:1068600001208DF83F000FA8FFF758FD1D48FDF7E8
:1068700079F84FF0006001901848001D02900394D1
:1068800000200490059506904FF48060079000204A
:10689000089009904FF480700A904FF440300B90AC
:1068A00000200C900D900E900F9001A90D48FDF75F
:1068B0002BF9002231460B48FDF70BF9012109485D
:1068C000FDF7FCF800210748FDF740F801210548D5
:1068D000FDF73CF810B070BD0000024000440040DD
:1068E000A08601008860024070470146002901DD52
:1068F00008467047484200B2FBE7000010B5244943
:10690000B1F90000FFF7F1FFB0F52F7F00DD24E0C3
:106910001F49B1F90200FFF7E8FFB0F52F7F00DD56
:106920001BE01B49B1F90400FFF7DFFFB0F52F7F33
:1069300000DD12E01649B1F90600FFF7D6FFB0F509
:106940002F7F00DD09E01248807A00B905E0104889
:10695000C07A00B901E0002010BD00200C49088079
:1069600048808880C88008810220887202210848F7
:10697000C17200200649888100210548C181018239
:106980008174C1740020024988820120E4E700007C
:10699000C407002010B504460021104800F07EFC1A
:1069A00000210F48FCF7D2FF21460D48FDF7D8F82B
:1069B00010210A4800F04AFC0A490948FCF792FFF6
:1069C00009490748FCF7A8FF01210548FCF7BEFF6D
:1069D0000121024800F062FC10BD000000440040AC
:1069E00088600240200000202080002000B101B912
:1069F00070470278437842EA0322C2F30A020A800F
:106A00004278D210837842EA4312C2F30A024A80E3
:106A100082789211C37842EA8302037942EA8322A0
:106A2000C2F30A028A8002795210437942EAC31201
:106A3000C2F30A02CA804279C2F301128A72427911
:106A400012119308CB728279C37942EA032212B2FF
:106A50008A81027A437A42EA032213B201F10C02DC
:106A6000CB81827AC37A42EA032213B201F10C028B
:106A70000B82037B8B74437BCB74827BC37B42EAA8
:106A800003228A82027C437C42EA032212B20A81F8
:106A90000A88A2F5806212B20A804A88A2F5806252
:106AA00012B24A808A88A2F5806212B28A80CA88AD
:106AB000A2F5806212B2CA800A89A2F5806212B27F
:106AC0000A8100BF94E7000000B587B001210846A5
:106AD000FFF79EFD01210803FFF7CAFDE0200590A6
:106AE00002208DF8180000208DF81A0002208DF881
:106AF000190001208DF81B0005A92248FDF7B6FDFD
:106B0000052211461F48FDF7F9FD052206211D4803
:106B1000FDF7F4FD052207211A48FDF7EFFD0121DD
:106B20000803FFF7B5FD00214FF48050FFF7B0FDDB
:106B30000021154800F046F80020ADF800004FF4A1
:106B40008270ADF802000020ADF80400ADF8060038
:106B5000ADF808004FF40070ADF80A001020ADF851
:106B60000C000020ADF80E000720ADF810006946BB
:106B7000054800F041F80121034800F023F807B070
:106B800000BD0000000002400030014010B5044686
:106B900000BF02210A4800F021F80028F9D0214660
:106BA000074800F027F800BF0121054800F016F85B
:106BB0000028F9D0024800F01AF8C0B210BD000059
:106BC0000030014021B1028842F04002028004E01E
:106BD00002884FF6BF731A400280704702460020B9
:106BE00013890B400BB1012000E0002070470146E3
:106BF000888970478181704710B50022028802F4AD
:106C000041520B884C8823438C882343CC882343F0
:106C10000C8923434C8923438C892343CC89234308
:106C20001A430280838B4FF2FF74234083830B8AC5
:106C3000038210BD0CB5002001900090344800681C
:106C400040F480303249086000BF3148006800F4E9
:106C5000003000900198401C0190009818B90198EC
:106C6000B0F5A04FF1D12A48006800F4003010B10F
:106C70000120009001E0002000900098012846D1FA
:106C800023484030006840F080502149403108607E
:106C90002048006840F440401E4908601C48083005
:106CA00000681B49083108600846006840F400404D
:106CB00008600846006840F4A05008601648091FA4
:106CC0000860081F006840F08070091F086000BF5E
:106CD0000F48006800F000700028F9D040F20570FD
:106CE0000E4908600A480830006820F0030008498F
:106CF000083108600846006840F00200086000BFE4
:106D000003480830006800F00C000828F8D10CBDDA
:106D1000003802400070004008544007003C024028
:106D2000042808D14FF0E021096941F004014FF037
:106D3000E022116107E04FF0E021096921F0040130
:106D40004FF0E0221161704710B505F0C9F8012835
:106D500001D004F033FD10BD10B51548006840F4B3
:106D60007000134908601348006840F001001149A1
:106D7000086000200F49083108600E4800680E497D
:106D800008400C4908600D48091D0860081F00688C
:106D900020F48020091F0860002006490C3108609B
:106DA000FFF748FF4FF0006001498039086010BDCF
:106DB00088ED00E000380240FFFFF6FE10300024AE
:106DC0001CB50648012100238022CDE9001004A152
:106DD000064805F055F804F04DFB1CBD00000020EE
:106DE00073746172745F7461736B000029AC000886
:106DF0001CB540F22551154800F0EBFAC0B140F245
:106E00002551124800F02BFA104800880F4880885E
:106E10000E4800F097FBC0B201900020FCF7A6FFDF
:106E200000236A4601A90A48006804F049FF0CE003
:106E300040F22531054800F0CCFA30B10821034872
:106E400000F004FA014800F07DFB1CBD0010014079
:106E50008800002010B540F22551394800F0B9FAF9
:106E600018B1374800F06EFB68E040F22441344826
:106E700000F0AFFA002861D0314800F063FB3148E0
:106E8000FCF737FE50BB00212E48FCF75FFD2D4874
:106E9000FCF72BFEC0F124002B490880242129484F
:106EA000FCF75EFE2748006840F400202549883939
:106EB000C1F8880025492348FCF714FD0121214829
:106EC000FCF744FD20480088122832D1204921488F
:106ED000FFF78CFD1E48FFF707FD2AE00021194847
:106EE000FCF734FD1748FCF700FEC0F124001649FA
:106EF000088024211348FCF733FE1248006820F470
:106F0000002010498839C1F8880010490D48FCF765
:106F1000E9FC01210B48FCF719FD0B4800881228F9
:106F200007D10B490B482430FFF760FD0848FFF7F5
:106F3000DBFC40F22441024800F091F910BD000052
:106F400000440040886002408200002030000020A1
:106F5000C4070020DA07002000B585B040F22441C4
:106F6000684800F036FA00287ED0664800886548F8
:106F7000001D00886448FCF7BCFD002853D10021A7
:106F80006148FCF7E3FC6048FCF7AFFDC0F114007A
:106F90005E49088014205C492839C8620846806A26
:106FA00040F40020886201215748FCF7CFFC574885
:106FB0000088092836D1142255496846F9F70CFD96
:106FC0009DF8000062282DD19DF800009DF8011069
:106FD00048409DF8021048409DF8031048409DF835
:106FE000041048409DF8051048409DF806104840A0
:106FF0009DF807104840474908709DF80800097837
:10700000884269D19DF80400401E434908709DF8EC
:1070100006009DF8051000EB012040493E4A127819
:1070200021F8120058E000213748FCF78FFC364861
:10703000FCF75BFDC0F1140034490880142032498C
:107040002839C8620846806A20F40020886201213D
:107050002D48FCF77BFC2D48008809283CD11422E0
:107060002B491431684600E03CE0F9F7B5FC9DF887
:10707000000062282ED19DF800009DF801104840C4
:107080009DF8021048409DF8031048409DF80410F8
:1070900048409DF8051048409DF8061048409DF86E
:1070A000071048401B4908709DF80800097888427D
:1070B00012D19DF80400401E174908709DF8060083
:1070C0009DF8051000EB01201449134A127821F8AD
:1070D000120001E005B000BD40F22441094800F073
:1070E000BEF80CE040F22531064800F072F930B1EC
:1070F0000821044800F0AAF8024800F023FA00BF73
:10710000E8E700000048004028600240C800002076
:107110005C080020C6000020C7000020C00000203E
:1071200000B589B040F22441434800F052F90028EC
:107130007AD0414800884048001D00883F48FCF74D
:10714000D8FCB0BB00213D48FCF700FC3B48FCF7F5
:10715000CCFCC0F118003A49086018203749091DD5
:107160000860081F006840F40020091F0860012122
:107170003248FCF7EBFB324800680C2854D1ADF8DC
:10718000080030480168CDF80A104168CDF80E10AB
:107190008068CDF812000DF10A00FFF72DFA0128E2
:1071A00008D1002301AA02A92748006804F088FD3D
:1071B0003AE001E009B000BD00212048FCF7C6FB21
:1071C0001E48FCF792FCC0F118001D490860182009
:1071D0001A49091D0860081F006820F40020091FD3
:1071E000086001211548FCF7B1FB154800680C2820
:1071F0001AD1ADF8080013488169CDF80A10C169A9
:10720000CDF80E10006ACDF812000DF10A00FFF75C
:10721000F3F9012807D1002301AA02A90A4800684E
:1072200004F04EFD00E0C5E740F22441024800F0C2
:1072300016F800BFBEE700000014014028640240B9
:10724000980000202C0800209000002001F400721B
:10725000B2F5007F00D100BFCA430280704710B56D
:107260000022002340F66A14A14200D100BF0A1296
:1072700001249440A3B2DC43048010BD10B5024643
:107280000020108A20F470600B884C8823438C887F
:107290002343CC8823431843108210BD21B1828937
:1072A00042F40052828104E082894DF6FF731A4055
:1072B000828170471AB1838A0B43838202E0838AFA
:1072C0008B4383827047000010B5044632488442E5
:1072D00008D101211020FFF7DBF900211020FFF772
:1072E000D7F957E02D48844209D101214804FFF71E
:1072F000AFF900214FF40030FFF7AAF94AE028481F
:10730000844209D101218804FFF7A2F900214FF43A
:107310008020FFF79DF93DE02248844209D10121F8
:10732000C804FFF795F900214FF40020FFF790F90A
:1073300030E01D48844209D101210805FFF788F992
:1073400000214FF48010FFF783F923E017488442AF
:1073500008D101212020FFF79BF900212020FFF711
:1073600097F917E01248844209D101218807FFF7F5
:107370006FF900214FF08040FFF76AF90AE00D48ED
:10738000844207D101214005FFF762F90021600521
:10739000FFF75EF910BD00000010014000440040FE
:1073A00000480040004C00400050004000140140E4
:1073B00000780040007C004002460020B1F5007FCC
:1073C00000D100BF13880B400BB1012000E000206A
:1073D000704770B50246002400230025002040F6C7
:1073E0006A16B14200D100BFC1F3421501F01F037C
:1073F000012606FA03F3012D02D19689334006E0F7
:10740000022D02D1168A334001E0968A33400C12D5
:10741000012606FA04F41688344013B10CB1012099
:1074200000E0002070BDF0B50346002400260025D2
:10743000002040F66A17B94200D100BF1846C1F3D8
:10744000421401F01F06012707FA06F5012C01D1AD
:107450000C3004E0022C01D1103000E014301AB1DD
:1074600007682F43076002E00768AF430760F0BD7D
:107470002DE9FF4705460E460024A14600BFA04661
:10748000B08900B100BF2C8A24F44054F088044332
:107490002C82AC8941F20C608443B0883189084366
:1074A000718908430443AC81AC8A24F44074B089E8
:1074B0000443AC826846FFF7FBF82048854202D0BF
:1074C0001F48854202D1DDF80C9001E0DDF80890FC
:1074D000A88900F4004040B109EBC90000EB091095
:1074E00031684900B0FBF1F707E009EBC90000EB98
:1074F000091031688900B0FBF1F76420B7FBF0F0A8
:1075000004012009642101FB1078A88900F40040DF
:1075100040B1322000EBC800B0FBF1F000F00700F2
:10752000044308E0322000EB08106421B0FBF1F0C6
:1075300000F00F0004432C81BDE8FF8700100140DC
:107540000014014001468888C0F308007047C1F369
:107550000802828070474FF416510160002181803B
:10756000C18001810C21418100218181704700BFD0
:10757000FEE7000010B588B0044601210846FFF779
:1075800047F801211020FFF773F80722092130483E
:10759000FDF7B4F807220A212D48FDF7AFF84FF4A4
:1075A0000070029002208DF80C0000208DF80E0073
:1075B00003208DF80D0001208DF80F0002A924484A
:1075C000FDF754F84FF48060029002A92048FDF7BF
:1075D0004DF804940020ADF81400ADF81600ADF895
:1075E00018000C20ADF81A000020ADF81C0004A90A
:1075F0001848FFF73DFF01211648FFF74FFE012213
:1076000040F225511348FFF70EFF002201212D20E3
:1076100004F0EEF810490860002201212D2004F04A
:10762000E7F80E49086001210A48FFF737FE2520D8
:107630008DF8040009208DF8050000208DF8060063
:1076400001208DF8070001A8FEF768FE08B010BD04
:10765000000002400010014084000020880000204B
:1076600070B590B004460E46154601210220FEF783
:10767000CFFF01218804FEF7DBFF01218804FEF71C
:10768000D7FF01214805FEF7C3FF07220B2152480F
:10769000FDF734F807220A214F48FDF72FF84F482D
:1076A000FCF760F901A8FCF75DFA4FF0006001906B
:1076B0004B480290039400200490059506904FF4E7
:1076C000806007900020089009900A904FF44030A5
:1076D0000B9000200C900D900E900F9001A93F4848
:1076E000FCF712FA002231463C48FCF7F2F901217E
:1076F0003A48FCF7E3F94FF440600E9002208DF811
:107700003C0000208DF83E0002208DF83D00012055
:107710008DF83F000EA93048FCF7A8FF3048001F45
:10772000FFF7D2FD0AA8FFF716FF4FF416500A9094
:107730000020ADF82C00ADF82E00ADF830000C2084
:10774000ADF832000020ADF834000AA92448001F2B
:10775000FFF78EFE012240212148001FFFF7AAFDFE
:1077600010211F48001FFFF771FD012240F2244144
:107770001B48001FFFF757FE0020ADF82000ADF8B2
:1077800022004FF40070ADF824000020ADF8260070
:1077900008A91348001FFFF771FD01211048001FC1
:1077A000FFF77CFD00210D48FCF7D0F801210B48C4
:1077B000FCF7CCF827208DF83C0007208DF83D0021
:1077C00000208DF83E0001208DF83F000FA8FEF745
:1077D000A5FD10B070BD000000040240286002400A
:1077E000044800400FB4054B10B503A9044A0298A1
:1077F00001F07CF910BC5DF814FB0000B999000899
:107800008C00002003B401984100009850EAC12088
:1078100018BF04204A0D18BF40F0010040F2FF726B
:10782000B2EB515F08BF40F00200012808BF0520FD
:1078300002B070470000000070B5C1482DED020B8A
:107840002DED0E8B82B0119D25F000449FEDBEDB27
:107850009FEDBFEB84423EDBA4F140511098A1F1B3
:107860007F6108430FD0BC48844202DC28D11098C5
:1078700030B39DED100B02B0BDEC0E8B02B0BDE835
:10788000704001F0E9B89DED100B53EC1D2B51EC4D
:10789000100BF9F76CF99DED100B41EC180B53EC44
:1078A0001E2B51EC100BF9F762F953EC182BF9F77A
:1078B000B7F841EC100B02B0BDEC0E8B02B070BDFE
:1078C000012001F00DF902B0BDEC0E8B02B0BDE855
:1078D000704001F0D5B8A1489FEDA18B844256DAE3
:1078E0009DED100BB4F1795F0ADA51EC100BFFF744
:1078F00089FF042808BF01F0D3F89DED100BDAE7EB
:1079000053EC102B51EC100BF9F731F941EC190B3A
:1079100095480621B0EE490AF0EE690A784400F075
:1079200087FF53EC192B51EC100BF9F720F941ECC0
:107930001A0B8E48B0EE490AF0EE690A0421784429
:1079400000F076FF53EC192B51EC100BF9F70FF9FF
:1079500053EC182BF9F764F841EC100B51EC1A0BAF
:1079600053EC102BF9F775F9CDE900019DED000BF3
:1079700053EC102B9DED100B51EC100BF9F7F7F8B1
:107980009DED101B53EC112BF9F74AF8D2E09DED59
:10799000100B51EC100B01F0EDFF53EC182BF9F725
:1079A000E3F89FED730BCDE9000153EC102B9DED37
:1079B000000B51EC100BF9F7DAF841EC190B6E489B
:1079C0000621B0EE490AF0EE690A784400F030FF73
:1079D00053EC192B51EC100BF9F7C9F841EC1B0BC8
:1079E0006648B0EE490AF0EE690A0421784400F0D6
:1079F0001FFF53EC192B51EC100BF9F7B8F853ECAF
:107A0000182BF9F70DF841EC1C0B51EC190B03F096
:107A1000D4F841EC180B5A489FED5BABA04222DC36
:107A200053EC1C2B51EC1B0BF9F713F9CDE90001BA
:107A30009DED000B51EC180B53EC102BF9F797F858
:107A400053EC182BF8F7ECFF53EC1A2BF9F78FF8DF
:107A500053EC1D2BF9F785F853EC1E2BF9F784F83E
:107A600041EC100B5FE08DED008B002000909DED50
:107A7000000B51EC180B53EC102BF8F7D1FF9DEDD8
:107A8000000B41EC1E0B53EC102B51EC100BF9F7D3
:107A90006EF853EC192BF9F767F853EC1E2BF9F736
:107AA000D8F841EC190B53EC1C2B51EC1B0BF9F7DC
:107AB000D0F841EC1B0B53EC1A2B51EC190BF9F7D6
:107AC00056F853EC1D2BF9F74FF841EC190B53EC1A
:107AD0001A2B51EC180BF9F74AF853EC1B2BF9F75A
:107AE00046F853EC192BF9F73CF89DED000B41ECEF
:107AF000180B53EC1A2B51EC100BF9F738F89FEDDB
:107B0000249B53EC192BF9F72FF841EC100B51EC97
:107B1000180B53EC102BF9F724F853EC192BF9F749
:107B200023F841EC100B002D3FF7C5AE51EC100BC4
:107B300081F0004141EC100BBDE6000000000000A8
:107B40000000F03F00000000075C143326A6913CC3
:107B5000182D4454FB21F93F0000F07F0000E03F66
:107B6000000000000000F03FF0570000FE5700004A
:107B7000000000000000E03F4257000050570000A6
:107B80003333EF3F00000000000000000000004021
:107B9000182D4454FB21E93F70B59B482DED020B95
:107BA0002DED068B079D25F00044A04218DC974878
:107BB000844202DC0AD1069840B19DED060BBDEC73
:107BC000068B02B0BDE8704000F046BF002DCCBF70
:107BD0009FED8F0B9FED900BBDEC068B02B070BD3F
:107BE0008F48A04215DD8F48A042D8BF4FF0FF3428
:107BF00058DD9DED060B51EC100BFFF703FE04283A
:107C000008BF00F04DFF9DED060BBDEC068B02B0EA
:107C100070BD9DED060B51EC100B01F0ABFECDE9F4
:107C2000060181489FED828BA0423CDD8248A04244
:107C30001FDD00249FED82AB9DED060B53EC1A2B4C
:107C400051EC100BF8F7ECFE9DED060B41EC190B17
:107C500053EC1A2B51EC100BF8F789FF53EC182B4F
:107C6000F8F77FFF53EC192BF8F7F3FFCDE9060186
:107C700049E09DED060B012453EC182B51EC100B41
:107C8000F8F7CEFE9DED060B41EC190B53EC182BCB
:107C900051EC100BF8F765FF53EC192BF8F7D9FFEF
:107CA000CDE906012FE06848A0421FDD02249FEDC8
:107CB000689B9DED060B53EC192B51EC100BF8F75C
:107CC00056FF53EC182BF8F7ABFE9DED060B41EC7D
:107CD000180B53EC192B51EC100BF8F742FF53EC37
:107CE000182BF8F7B6FFCDE906010CE09DED060B69
:107CF000032453EC102B9FED580B51EC100BF8F7AD
:107D0000A8FFCDE906019DED060B53EC102B51ECBD
:107D1000100BF8F72CFF41EC180B53EC182BF8F76D
:107D200026FF41EC190B4E480621B0EE490AF0EE51
:107D3000690A784400F07CFD53EC182B51EC100BD1
:107D4000F8F715FF41EC180B4648B0EE490AF0EE83
:107D5000690A0521784400F06BFD53EC192B51ECB6
:107D6000100BF8F704FF41EC100B51EC180B53EC1F
:107D7000102B002C0EDAF8F753FE9DED061B53EC8A
:107D8000112BF8F7F4FE9DED061B53EC112BF8F7C1
:107D9000EBFE35E0F8F744FE9DED061B53EC112B8E
:107DA000F8F7E5FE41EC100B2F48784400EBC400D7
:107DB00090ED001B51EC100B53EC112BF8F7D1FE9A
:107DC0009DED061B53EC112BF8F7CBFE41EC100B8D
:107DD0002648784400EBC40090ED001B51EC100BDA
:107DE00053EC112BF8F7C0FE41EC100B002DA2BF95
:107DF000BDEC068B02B070BD51EC100B81F0004160
:107E000041EC100B01E70000000010440000F07F7F
:107E1000182D4454FB21F93F182D4454FB21F9BF80
:107E20000000DC3F0000203E0000F33F00000000A7
:107E3000000000000000F03F0000E63F00000000EE
:107E4000000000000000004000800340000000002F
:107E5000000000000000F83F000000000000F0BF3C
:107E60009254000048540000D25300008A5300008E
:107E700070B56B4E2DED040B2DED028B82B0DDF84D
:107E80001CC0DDE905235C422CF000411C4341EAA3
:107E9000D474049D22F00040B44205D86C422C43B7
:107EA00040EAD474B4420BD99DED061B9DED040B42
:107EB00002B0BDEC028B04B0BDE8704000F0D6BD4E
:107EC000ACF14054A4F17F641C430BD0022404EABB
:107ED000AC7444EAD27405439FED538B9FED542B51
:107EE00007D015E09DED040B51EC100B00F0ECFFFA
:107EF00042E0002C11BF012C9DED040B02B0BDEC43
:107F0000028B04BF04B070BD022C38D0032C3BD0D0
:107F10000B439FED491B9FED4A0B0AD0B14218D18C
:107F2000B04209D121F0804120F0804007910590B6
:107F30000FE0002A15DA10E0434B7B44002C08BF09
:107F400093ED000B0DD0012C10D0022C17D0032C78
:107F50001AD0B0421DD1002A03DAB0EE410AF0EE89
:107F6000610A02B0BDEC028B04B070BD93ED000B52
:107F700051EC100B81F0004141EC100BF1E7B0EE39
:107F8000480AF0EE680AECE7B0EE420AF0EE620A48
:107F9000E7E7401A00153C28C8BF8DED000B19DC3F
:107FA000BCF1000FBEBF10F13C0F9FED290B8DED12
:107FB000000B0FDB9DED060B53EC102B9DED040B1E
:107FC00051EC100BF8F745FE01F0D4FC00F07CFFFB
:107FD000CDE90001002C08BF9DED000BC1D0012CA4
:107FE00010D0022C9FED1C0B53EC102B9DED000BC1
:107FF00051EC100B0DD0F8F7B4FD53EC182BF8F73B
:10800000B0FDB9E7019880F0004001909DED000BB4
:10801000A7E7F8F7A6FD53EC182BF8F7A5FDABE79B
:108020000000F07F00000000182D4454FB2109409F
:10803000182D4454FB2109C0182D4454FB21F9BFCD
:10804000182D4454FB21F93FEA52000000000000C3
:108050000000000000000000075C143326A6A13CCD
:1080600010B52F499FED2C1B2DED020B84B0059808
:1080700020F000408842D8BF9DED040B2DDD29493A
:10808000884209D1049840B94FF0010000F028FD62
:1080900000F0F6FC06B010BD05DB9DED040B00F012
:1080A000DBFC06B010BD68469DED040B00F0ECF85B
:1080B00010F0030004BF9DED021B9DED000B0CD0E2
:1080C00001280ED09DED021B9DED000B022817D05C
:1080D000012000F029FC06B010BD00F0F1FA06B056
:1080E00010BD9DED021B9DED000B012000F01CFC5E
:1080F00051EC100B81F0004106B041EC100B10BDAB
:1081000000F0DEFA51EC100B81F0004106B041ECBA
:10811000100B10BD00000000000000000000000077
:10812000FB21E93F0000F07F2DED020B019820F0CC
:10813000004001909DED000B02B070470000000070
:1081400010B52F499FED2C1B2DED020B84B0059827
:1081500020F000408842DCBF00209DED040B32DDA2
:108160002849884209D1049840B94FF0010000F035
:10817000B7FC00F085FC06B010BD05DB9DED040BDF
:1081800000F06AFC06B010BD68469DED040B00F0DF
:108190007BF810F0030011D0012818D09DED021BD0
:1081A0009DED000B02281AD000F08AFA51EC100B5A
:1081B00081F0004106B041EC100B10BD9DED021B9B
:1081C0009DED000B012000F0AFFB06B010BD9DED52
:1081D000021B9DED000B00F073FA06B010BD0120EC
:1081E00000F0A2FB51EC100B81F0004106B041EC15
:1081F000100B10BD00000000000000000000000097
:10820000FB21E93F0000F07F00B52DED048BB0EEBF
:10821000409AF0EE609A83B051EC190BF8F7D1FE5A
:1082200041EC180B18EE100A18EE901A8DED008B29
:10823000002818BF0120084320F00040C0F17F60F3
:1082400000F1E040C00F14D019EE101A19EE900A98
:108250008DED009B002918BF0121084320F000404C
:10826000C0F17F6000F1E040C00F04BF012000F0CA
:1082700037FCB0EE480A03B0F0EE680ABDEC048BA0
:1082800000BD0000000000002DE9F14F04462DED77
:10829000020B2DED088B8AB09FEDE70B80ED020BF2
:1082A000139EE74826F0004585420ADC9DED120B3F
:1082B000002084ED000B0AB0BDEC088B03B0BDE8D4
:1082C000F08FE0489FEDE0AB9FEDE1BBA84247DDBA
:1082D000E14F9FEDE39B9FEDE48B9DED120B53EC83
:1082E0001A2B51EC100B002E1CDDF8F73AFC41EC78
:1082F000100BBD4208D053EC1B2B51EC100BF8F7C0
:1083000030FCC4E900010BE053EC192B51EC100BCD
:10831000F8F727FC53EC182BF8F723FCC4E900010D
:108320000120C8E7F8F77CFB41EC100BBD4208D0F8
:1083300053EC1B2B51EC100BF8F772FBC4E9000156
:108340000BE053EC192B51EC100BF8F769FB53ECD5
:10835000182BF8F765FBC4E900014FF0FF30AAE7DE
:10836000C348A84279DB9DED120B51EC100B01F0D4
:1083700001FB41EC180B9FEDC00B53EC102BF8F7F1
:10838000F6FB9FEDBF1B53EC112BF8F749FBF8F7F9
:108390008BFE0746F8F7CCFC41EC190B53EC1A2B7B
:1083A000F8F7E5FB53EC182BF8F7DEFB41EC180B64
:1083B00053EC1B2B51EC190BF8F7D9FBDFF8C8A2D3
:1083C00041EC100B4FEA15580125FA4453EC102BE1
:1083D00051EC180BF8F7C5FB032DC4E900013DD0A3
:1083E000C1F30A5005EB4511A8EB00001139814299
:1083F00034DA0AEB051BB0EE48AA9BED000BF0EE59
:1084000068AA53EC102B51EC190BF8F7B0FB41ECB8
:108410001B0B51EC1A0B53EC1B2BF8F7A2FB41EC96
:10842000180B51EC1A0B53EC182BF8F79AFB53EC82
:108430001B2BF8F796FB9BED020B41EC1A0B53EC50
:10844000102B51EC190BF8F792FB53EC1A2BF8F7A1
:1084500088FB41EC100B6D1CB8E70EE0002EA8BFA6
:108460003846BFF628AF94ED000B51EC100B81F0AD
:108470000041C4E9000178421DE7C6F3130040F44F
:10848000801EC6F30A50A0F2F530471100F01F0518
:10849000C5F12000DDF848B0089000200690079054
:1084A0000520EC467949002D07EB0002794408BF0E
:1084B00051F8221009D051F8223001EB8201AB4073
:1084C0004A68089922FA01F11943A1FB0E26A1FB83
:1084D0000B131A449A4234BF0123002303EB06080E
:1084E0000CEB8003D3E901A60E448E4234BF012178
:1084F000002192448A4411B1924502D903E0924589
:1085000001D2012100E00021C3E901A641444CF859
:108510002010011EA0F10100C4DC029800F10050FF
:10852000850F0298DDE903678000DDF81480F8F715
:10853000FFFB41EC1A0B3046F8F70BFC9FED541B88
:1085400053EC112BF8F713FB41EC1B0B3846F8F7F3
:1085500000FC9FED511B53EC112BF8F708FB41EC8D
:10856000180B4046F8F7F5FB9FED4D1B53EC112B14
:10857000F8F7FDFA41EC190B51EC180B53EC192BE1
:10858000F8F74EFA53EC1B2BF8F74AFA53EC1A2B78
:10859000F8F746FACDE90801002008909DED080B98
:1085A00053EC1A2B51EC100BF8F7DBFA53EC1B2BA6
:1085B000F8F7D7FA53EC182BF8F7D3FA53EC192B3A
:1085C000F8F7D2FA9FED381B53EC112BF8F7CFFADE
:1085D0009FED370B41EC180B53EC102B9DED080B66
:1085E00051EC100BF8F7C3FA53EC182BF8F718FA04
:1085F0009FED310B41EC180B53EC102B9DED080B4C
:1086000051EC100BF8F7B3FA53EC182BF8F708FA03
:1086100041EC100B139810F0004F06D06D4251EC56
:10862000100B81F0004141EC100B284684ED000B4B
:1086300041E6000000000000000000000000000013
:10864000FB21E93F7CD9024000004054FB21F93F67
:108650003163621A61B4D03DFB21F93F0000000094
:108660000000601A61B4D03D7370032E8A19A33BD9
:10867000FB2139410000000083C8C96D305FE43F31
:10868000000000000000E03F624E0000B04D00001E
:10869000000000000000103E000000000000103C40
:1086A000000000000000103A182D4454FB21F93D51
:1086B0003326A611460B113C00000054FB21F93D66
:1086C00010B52DED040B2DED088B82B0B0EE419A64
:1086D000F0EE619A0B9820F000449FED4BABB4F1A3
:1086E000795F11DA9DED0A0B51EC100BF8F7DCFC09
:1086F000002801BFB0EE4A0AF0EE6A0A02B0BDECF3
:10870000088B04BF04B010BD9DED0A0B53EC102B79
:1087100051EC100BF8F72BFA41EC180B3C480621F2
:10872000B0EE480AF0EE680A784400F081F853ECA5
:10873000182B51EC100BF8F71AFA9DED0A0B41ECCF
:108740001B0B53EC192B51EC100BF8F710FA41EC02
:10875000190B53EC1B2B51EC180BF8F708FA53ECE0
:10876000192BF8F7FEF99FED2C0B41EC190B53EC8C
:10877000102B51EC180BF8F7FAF941EC100B2848C4
:10878000844210DA53EC192B51EC100BF8F7E9F98D
:1087900053EC1A2BF8F7E8F941EC100B02B0BDECE2
:1087A000088B04B010BD1F48A042BCBF9FED1E1B2C
:1087B0008DED001B06DBA4F5001001900020009059
:1087C0009DED001B51EC100B53EC112BF8F7C9F980
:1087D0009DED000B41EC180B53EC102B51EC1A0BD8
:1087E000F8F7BFF941EC1A0B53EC192B51EC180BAD
:1087F000F8F7B7F953EC1A2BF8F7B6F941EC100B70
:10880000CCE7000000000000000000000000F03F86
:10881000CC4A000000000000000000000000E03F23
:108820003333D33F0000E93F000000000000D23F97
:1088300070B504462DED028B4D1E00EBC500B0EE69
:10884000408AF0EE608A90ED000B35F0060017D0FC
:1088500053EC182B51EC100BF8F789F941EC100B85
:108860006D1E04EBC50090ED001B51EC100B53EC9A
:10887000112BF8F7D5F841EC100B35F00600E7D1D5
:10888000022D36D0042D1CD0062D1CBFBDEC028B52
:1088900070BD53EC182B51EC100BF8F768F994ED00
:1088A0000A1B53EC112BF8F7BBF853EC182BF8F715
:1088B0005EF994ED081B53EC112BF8F7B1F841EC7D
:1088C000100B53EC182B51EC100BF8F750F994EDFA
:1088D000061B53EC112BF8F7A3F853EC182BF8F701
:1088E00046F994ED040B53EC102BF8F799F841EC92
:1088F000100B53EC182B51EC100BF8F738F994EDE2
:10890000021B53EC112BF8F78BF853EC182BF8F7EC
:108910002EF994ED001B53EC112BF8F781F8BDEC08
:10892000028B41EC100B70BD31B504462DED040BEC
:108930002DED0A8BB0EE41BAF0EE61BA0B989DEDC9
:108940000A0B20F00040B0F1795F0DDA51EC100B0A
:10895000FEF758FF042808BF00F0A2F89DED0A0BAF
:10896000BDEC0A8B05B030BD53EC102B51EC100B55
:10897000F8F7FDF841EC180B9DED0A0B53EC182BA2
:1089800051EC100BF8F7F3F841EC190B2C48B0EE52
:10899000480AF0EE680A05217844FFF749FF9FED89
:1089A0002ACBB0EE40AAF0EE60AA9CB353EC1C2B8D
:1089B00051EC190BF8F7DBF841EC1C0B53EC1A2BBC
:1089C00051EC190BF8F7D3F89FED210B41EC190B83
:1089D00053EC102B51EC1B0BF8F7C9F853EC192B87
:1089E000F8F7BFF853EC182BF8F7C1F853EC1B2B32
:1089F000F8F7B7F853EC1C2BF8F7B3F89DED0A1B0A
:108A000053EC112BF8F7B0F8BDEC0A8B05B041EC34
:108A1000100B30BDFFE753EC1A2B51EC180BF8F795
:108A2000A6F853EC1C2BF7F7FBFF53EC192BF8F7C8
:108A30009EF89DED0A1B53EC112BF7F7F1FFE3E7CE
:108A40005C49000000000000495555555555C5BF0B
:108A5000000000000000E03F10B553EC102B51EC7B
:108A6000100BF7F7DDFF41EC100B10BD10B553EC08
:108A7000112B51EC100BF7F7D3FF41EC100B10BD8D
:108A80009FED050B10B553EC102B51EC100BF8F7C4
:108A9000E0F841EC100B10BD0000000000000000E9
:108AA0009FED050B10B553EC102B51EC100BF8F7A4
:108AB0005EF841EC100B10BD00000000000000103B
:108AC00002E008C8121F08C1002AFAD17047704797
:108AD000002001E001C1121F002AFBD170470000F5
:108AE00001490860704700005C0300202DE9FF4F3A
:108AF0008BB09A460F460546002606E025280BD087
:108B000052460D9990476D1C761C28780028F5D1A7
:108B10000FB03046BDE8F08F0024A0460122604926
:108B200000E0044315F8013F203B02FA03F008423D
:108B3000F7D128782E2817D115F8010F44F0040436
:108B40002A280ED06FF02F022878A0F130010929D1
:108B50000AD808EB880102EB410100EB01086D1C0B
:108B6000F2E757F8048B6D1C287869283ED006DCA4
:108B70000028CDD063280BD0642804D136E07328B8
:108B800010D075284BD052460D999047761C85E041
:108B900017F8040B8DF8000000208DF80100E9465D
:108BA000012003E057F8049B4FF0FF3061074FF0BE
:108BB000000401D40AE0641C44450DDA8442FADB67
:108BC00019F804100029F6D106E0641C8442FCDB8D
:108BD00019F804100029F8D1264404E019F8010B13
:108BE00052460D999047641EF8D257E001CF4FF0DE
:108BF0000A0B002802DA40422D2102E0210504D5AB
:108C00002B218DF82410012103E0E10705D020215C
:108C1000F7E70DF1200908910CE00021F9E701CFF9
:108C20004FF00A0BF9E75946F8F700F901F1300265
:108C300009F8012D0028F6D1ADEB090000F1200B59
:108C4000600701D44FF00108D84502DDA8EB0B0006
:108C500000E000208046002406E009A85246005D9E
:108C60000D999047641C761C08988442F5DB04E05B
:108C7000302052460D999047761CB8F10001A8F1BA
:108C80000108F5DC05E019F8010B52460D999047F3
:108C9000761CBBF10001ABF1010BF4DC6D1C34E779
:108CA0000928010010B5062434E01D4800688442FC
:108CB00025D0062C23DCF9F70BFB1A4890ED000AAF
:108CC00019481749096800EB810080ED000A154832
:108CD00090ED010A144818301149096800EB810031
:108CE00080ED000A0F4890ED020A0F4830300C4921
:108CF000096800EB810080ED000A09480468084813
:108D00000068072806D100F031F9082004490860FE
:108D1000002010BD024800680728C6DD0020F8E7E3
:108D200024010020901B0020240B002010B5524B82
:108D3000062204215148F7F715FB514B0422062166
:108D40005048F7F70FFB504B042203214F48F7F729
:108D500009FB4F4B042211464E48F7F703FB4E4BDD
:108D6000042211464D48F7F7FDFA4D4B0422062127
:108D70004C48F7F7F7FA4C4B062203214B48F7F71C
:108D8000F1FA4B4B032211464A48F7F7EBFA4A4BEC
:108D9000032211464948F7F7E5FA494B03221146E9
:108DA0004848F7F7DFFA39494868FBF71DFC3748B0
:108DB000406890ED000A3F48406880ED000A334863
:108DC000406890ED010A3B48406880ED010A2F4859
:108DD000406890ED020A3748406880ED020A2B484F
:108DE000406890ED030A3548406880ED000A274846
:108DF000406890ED040A2F48406880ED030A23483C
:108E0000406890ED050A2B48406880ED040A1F4831
:108E1000406890ED060A2748406880ED050A1B4827
:108E2000406890ED070A2548406880ED010A174820
:108E3000406890ED080A1F48406880ED060A134814
:108E4000406890ED090A1B48406880ED070A0F480A
:108E5000406890ED0A0A1748406880ED080A0B4800
:108E6000406890ED0B0A1548406880ED020A1549EC
:108E70001048F7F77BFA10BD88010020F0010020B0
:108E800028010020E80100206C0B002000020020D7
:108E90009C0B002008020020DC0B002010020020A8
:108EA0001C0C002018020020240B0020F8010020D8
:108EB0007C0C002020020020A00C002030020020AA
:108EC000AC0C00202802002010B541EC100BFEF77E
:108ED00063FE51EC100B10BD70B58AB006460C460F
:108EE000154696ED000A1F484068D0ED000A30EEA6
:108EF000600A8DED070A94ED000A1A484068D0ED2B
:108F0000010A30EE600A8DED080A95ED000A154859
:108F10004068D0ED020A30EE600A8DED090A07AB19
:108F20000122032102A8F7F71DFA04AB0122032155
:108F30006846F7F717FA6A4602A90B48F7F7AEFC3E
:108F4000019890ED000A86ED000A019890ED010A63
:108F500084ED000A019890ED020A85ED000A0AB03E
:108F600070BD0000300200202802002010B53E4AEB
:108F70003E493F48F7F792FC3E493B48F7F7F6F980
:108F80003D4A3C493948F7F789FC3C4A3A493C4854
:108F9000F7F784FC3948406890ED000A394840688A
:108FA00080ED000A3548406890ED010A3548406878
:108FB00080ED010A3148406890ED020A314840686E
:108FC00080ED020A2D48406890ED030A2E48406863
:108FD00080ED000A2948406890ED040A294840685D
:108FE00080ED030A2548406890ED050A2548406851
:108FF00080ED040A2148406890ED060A2148406847
:1090000080ED050A1D48406890ED070A1E4840683B
:1090100080ED010A1948406890ED080A1948406837
:1090200080ED060A1548406890ED090A1548406829
:1090300080ED070A1148406890ED0A0A114840681F
:1090400080ED080A0D48406890ED0B0A0E48406814
:1090500080ED020A0D490B48F7F788F9074948687F
:10906000FBF7D0FA10BD000008020020E801002044
:10907000F001002010020020180200200002002051
:10908000F8010020200200203002002028020020E9
:1090900010B5FFF707FE10BD30B52DED108B83B076
:1090A00004469FEDFD0AB0EE408A9FEDFB0AF0EE0C
:1090B000408A9FEDFA0AF0EE409A9FEDF80A8DED96
:1090C000020A1CB903B0BDEC108B30BD94F834001B
:1090D000C0B90020F24908700FE09FEDEF0AF04898
:1090E000007800EBC001EF4800EBC10080ED080AFA
:1090F000EB480078401CEA490870E94800780428E9
:10910000EBDB76E294F8340001281DD19FEDE20AF2
:1091100084ED7E0A9FEDE00A84ED7F0A9FEDDE0A72
:1091200084ED800AD4ED801AB0EE611AD4ED7F1A76
:10913000F0EE610AD4ED7E1AB0EE610A214604F524
:10914000017000F0C7FD54E294F8340002287AD18F
:10915000A069D0ED020AF1EE600A9FEDD31A60EE2D
:10916000810AB0EE600AF7F7C3F8B0EE408AA06952
:10917000D0ED020AF1EE600A9FEDCB1A60EE810A93
:10918000B0EE600AF7F778F8F0EE408A94ED7A0ACC
:1091900020EE280AD4ED7B0A08EE200A84ED7E0A30
:1091A00094ED7A0AF1EE480A20EE200AD4ED7B0A0B
:1091B00008EEA00A84ED7F0A9FEDB70A84ED7D0AD0
:1091C00094ED7D1AF0EE410AA06990ED021AB0EE1E
:1091D000410A04F5AC70FDF7E7F8B0EE409A19EEDD
:1091E000100AF7F7C3FD41EC1B0BB0EE4B0AF0EE93
:1091F0006B0AFEF799FFB0EE40AAF0EE60AA9FED71
:10920000AB0B53EC102B51EC1A0BF7F7DBFD64D2D0
:1092100019EE100AF7F7AAFD41EC1E0BB0EE4E0A4C
:10922000F0EE6E0AFEF780FFB0EE40DAF0EE60DAA4
:109230009FEDA00B53EC102B51EC1D0BF7F794FC9A
:1092400041EC1C0B00E08BE09FED9C0B53EC102BD2
:10925000F7F787FC41EC1B0B9FED960B53EC102BA3
:10926000F7F7F7FC41EC1A0B19EE100AF7F77EFD41
:1092700041EC1E0BB0EE4E0AF0EE6E0AFEF754FF04
:10928000B0EE40DAF0EE60DA9FED8A0B53EC102B73
:1092900051EC1D0BF7F768FC41EC1C0B9FED870BA5
:1092A00053EC102BF7F75DFC41EC1B0B9FED810B92
:1092B00053EC102BF7F7CDFC53EC1A2BCDE9000142
:1092C0009DED000B51EC100BF7F751FC41EC1F0B1F
:1092D000F7F790FD7B49086004E0B7EE000A794893
:1092E00080ED000AD4ED7E0AB0EE600A9FED761A9A
:1092F000DFED760A00F04AFB7248D0ED000A20EE5E
:10930000200A84ED7E0AD4ED7F0AB0EE600A9FED5C
:109310006E1ADFED6E0A00F039FB6A48D0ED000AE4
:1093200020EE200A84ED7F0A9FED671ADFED670AC1
:10933000B0EE490A00F02AFB84ED800AD4ED801AD1
:10934000B0EE611AD4ED7F1AF0EE610AD4ED7E1A08
:10935000B0EE610A214604F5017000F0BBFC48E163
:1093600094F83400032836D1206A0088C82807DB27
:10937000206A4088C82803DB206A8088C8280CDA65
:109380009FED450A84ED7E0A9FED430A84ED7F0A36
:109390009FED410A84ED800A0BE094ED7A0A84ED9A
:1093A0007E0A94ED7B0A84ED7F0A94ED7C0A84EDBD
:1093B000800AD4ED801AB0EE611AD4ED7F1AF0EE77
:1093C000610AD4ED7E1AB0EE610A214604F50170FF
:1093D00000F080FC0DE194F8340004287CD1A069F1
:1093E000D0ED020A206990ED041A70EE810AF1EEC8
:1093F000600A9FED2D1A60EE810AB0EE600AF6F762
:1094000077FFB0EE408AA069D0ED020A206990EDA6
:10941000041A70EE810AF1EE600A9FED231A60EEE5
:10942000810AB0EE600AF6F727FFF0EE408A94ED6D
:109430007A0A20EE280AD4ED7B0A08EE200ADFED36
:10944000240A20EE200A84ED7E0A94ED7A0AF1EED9
:10945000480A20EE200AD4ED7B0A08EEA00ADFEDD0
:109460001C0A20EE200A84ED7F0A9FED1A0A84ED83
:10947000800AD4ED801AB0EE611AD4ED7F1AF0EEB6
:10948000610AD4ED7E1AB0EE610A214604F501703E
:1094900000F020FCADE01FE0000000000000C8422A
:1094A00058000020A805002035FA8E3C000000007E
:1094B00000006440000000000040BF4000000000C9
:1094C0000094B1405C0000200000FA450000FAC59D
:1094D000713D8A3E0000AF4394F8340005287CD1EA
:1094E000A06800780421B1EB101F00D000BFA06974
:1094F000D0ED020A206990ED041A70EE810AF1EEB7
:10950000600A1FED171A60EE810AB0EE600AF6F7E6
:10951000EFFEB0EE408AA069D0ED020A206990ED1E
:10952000041A70EE810AF1EE600A1FED211A60EE56
:10953000810AB0EE600AF6F79FFEF0EE408A3E48E0
:10954000006810B13D48006818B93D48006801281E
:1095500005D10020394908603949086036E0206AA1
:109560000088C82807DD206A4088C82803DD206AF3
:109570008088C8280CDC1FED380A84ED7E0A1FEDB8
:109580003A0A84ED7F0A1FED3C0A84ED800A1DE053
:109590002C48D0ED010AB0EE600ADDED020A04F5B8
:1095A000D070FCF701FF84ED7E0A2648D0ED000A5A
:1095B000B0EE600AF0EE690A04F5D070FCF7F4FE34
:1095C00084ED7F0A1FED4C0A84ED800AD4ED801AE9
:1095D000B0EE611AD4ED7F1A00E00AE0F0EE610A05
:1095E000D4ED7E1AB0EE610A214604F5017000F058
:1095F00071FB002519E004F5017101EB850191ED86
:10960000001AF0EE410A04F5057101EB850191EDB8
:10961000001AB0EE410A05EBC50204F1380101EB76
:10962000C200FCF7C1FE681CC5B2042DE3DB204676
:10963000F9F7F8FE00BF45E5500000205400002077
:10964000600000209C00002000B970474169C97A81
:10965000022907D14169897A032903D1012180F8C0
:10966000341056E04169C97A032907D14169897AE2
:10967000022903D1032180F834104AE04169C97AF4
:10968000032907D14169897A032903D1022180F88E
:1096900034103EE04169C97A032907D14169897ACA
:1096A000012903D1002180F8341032E04169C97AE0
:1096B000012907D14169897A022903D1042180F85F
:1096C000341026E04169C97A012907D14169897AB4
:1096D000032903D1002180F834101AE04169C97AC6
:1096E000012907D14169897A012903D1052180F82F
:1096F00034100EE04169C97A022907D14169897A9B
:10970000022903D1002180F8341002E0002180F802
:10971000341000BF99E7000000B97047416AB1F901
:10972000021000EE101AB8EEC00A80ED850A816AB8
:10973000B1F9021000EE101AB8EEC00A80ED860AE8
:10974000C16AB1F9021000EE101AB8EEC00A80ED3D
:10975000870A016BB1F9021000EE101AB8EEC00AC8
:1097600080ED880A4169B1F9001000EE101AB8EED8
:10977000C00A9FED151AC0EE010A9FED140A20EEF3
:10978000800A80ED7A0A4169B1F9021000EE101AE0
:10979000B8EEC00ADFED0C0A80EE201A9FED0B0A2E
:1097A00021EE000A80ED7B0A4169B1F9081000EE54
:1097B000101AB8EEC00ADFED060A20EE200A80ED8E
:1097C0007C0A00BFA9E70000000025440000FA451C
:1097D0000AD7A33B10B5044604B910BD00202A499E
:1097E00008701EE02848007800F0F8F804F1240121
:1097F000254A127841F822002349097801EBC10279
:1098000004F1380101EBC200DFED200A9FED200AD0
:10981000204A0021FCF7C0FE1B480078401C1A4972
:109820000870194800780428DCDBDFED180A9FED8A
:10983000180A194A002104F5AC70FCF7ADFEDFED03
:10984000170A9FED120A164A002104F5D070FCF7A2
:10985000A3FE012084F8340000F0D4F8606100F029
:10986000C9F8206100F002F9A06000F0FBF8606028
:1098700000F000F9206000F023F9206200F0AAF85F
:10988000E06000BFA9E700005800002000007A4413
:1098900000401C469CC40008A8C400080000C84240
:1098A000B4C4000870B504460420FDF739FA0C4929
:1098B0000C7025464FF47A70454301200949086031
:1098C0004FF0E020006940F002004FF0E021086115
:1098D00008464561006940F00100086170BD000064
:1098E000BC020020C00200202DE9F04704464FF0E2
:1098F0000008002600250027A94602F0F1FA0128F9
:1099000014D01B480068844206D319480068B4FB91
:10991000F0FA504601F0FEFB15480068B4FBF0F188
:1099200000FB1140041E01D1BDE8F0874FF0E0209C
:10993000D0F814900E48006804FB00F84FF0E020C7
:10994000866911E04FF0E0208569B5420CD0B54240
:1099500002D2701B074403E0A9EB05003044074422
:109960002E46474500D300E0ECE700BF00BFDBE731
:10997000C002002082B0CDE9000121F0004001903A
:109980009DED000B02B051EC100B7047F0EE401A49
:10999000F4EEE01AF1EE10FA02D2B0EE600A70476F
:1099A000F4EEC11AF1EE10FA02DDB0EE410AF6E76C
:1099B000B0EE610AF3E7000000BF054A128802F02A
:1099C0004002002AF9D0C2B2014B9A8070470000D1
:1099D000001001400048704760030020014601F07C
:1099E000030000EB8000024A02EB80007047000099
:1099F000B804002000487047C81B0020004870478A
:109A0000A4040020004870470805002030B5034634
:109A100013B94FF6FF7030BD09E013F8014B82EA2D
:109A20000400C0B2054D35F8100080EA2222081E5D
:109A3000A1F10101F1D11046EDE70000C2C5000817
:109A400030B5034605E013F8010B80EA0204044830
:109A5000025D081EA1F10105A9B2F4D1104630BD86
:109A6000C1C400080048704713090020004870472F
:109A7000E8080020004870472E0900200246002018
:109A8000B1F5805F0BDBA1F58053934202DA531AE4
:109A900018B20FE002F500535B1A18B20AE001F5A4
:109AA00080539A4204DDA2F500535B1A18B201E01C
:109AB000531A18B27047000000487047E9000020B0
:109AC00000487047C000002000BFEFF3058008B1D8
:109AD000012070470020FCE710B514220249A1F1D3
:109AE0001400FDF7BDFD10BD70080020F0EE400A27
:109AF000F6EE001A60EEA11AB0EE611AB0EE600A3E
:109B000010EE100A0749A1EB600000EE100A21EEEA
:109B1000002AF7EE081A42EE401A61EE801AB0EE03
:109B2000610A7047DF59375F0548007805490870BA
:109B3000034800780A2801DD002070470120FCE777
:109B400013090020FD0000202DE9F04104462546C0
:109B50002068286020792871B5F80160B4F8050004
:109B600048490880E71D0846008840F20222811A11
:109B7000904251D015DC40F20112A0EB020190425C
:109B800032D006DC01281DD0022821D0032874D150
:109B900024E001292ED0022932D0B1F5807F6CD18A
:109BA00034E0042950D006DC01293BD002293FD003
:109BB000032962D142E005294CD0062950D0FF2963
:109BC0005BD153E0324639462F48F6F705FF55E0A2
:109BD000324639462D48F6F7FFFE4FE03246394609
:109BE0002B48F6F7F9FE49E0324639462948F6F7A0
:109BF000F3FE43E0324639462748F6F7EDFE3DE0F6
:109C0000324639462548F6F7E7FE37E03246394610
:109C10002348F6F7E1FE31E0324639462148F6F7AF
:109C2000DBFE2BE0324639461F48F6F7D5FE25E02D
:109C3000324639461D48F6F7CFFE1FE03246394618
:109C40001B48F6F7C9FE19E0324639461948F6F7BF
:109C5000C3FE13E0324639461748F6F7BDFE0DE065
:109C6000324639461548F6F7B7FE07E03246394620
:109C70001348F6F7B1FE01E0FFE700BF00BFBDE803
:109C8000F081000000010020E8080020DC00002036
:109C9000F3080020DD000020E1000020E5000020A6
:109CA000130900202E0900203E090020E7000020B3
:109CB000E8000020E9000020EA000020F100002078
:109CC0004E09002010B5FAF759FFFDF779F800208A
:109CD00010BD000070B502460B469FED502AF0EE15
:109CE000421A9FED4F2A4F4981ED002A9FED4E2ADF
:109CF0004E4981ED002A5968098B642902D141F649
:109D0000583001E041F2883030EE602A4549D1ED0B
:109D1000002A01EE222A4549D1ED002A22EE222A0C
:109D2000434981ED002A30EE202A3E49D1ED002A38
:109D300001EE222A3D49D1ED002A22EE222A3C4999
:109D400081ED012AB1EE402A32EE202A3549D1EDCB
:109D5000002A01EE222A3549D1ED002A22EE222ADC
:109D6000334981ED022AB1EE402A32EE602A2D49B4
:109D7000D1ED002A01EE222A2C49D1ED002A22EE53
:109D8000222A2B4981ED032A002116E0284C04EBFE
:109D9000810494ED002AB0EEC22AB4EEE12AF1EE7D
:109DA00010FA08DD224C04EB810494ED002AB0EE99
:109DB000C22AF0EE421A4C1CE1B20429E6DB02EEA4
:109DC000100AB8EE422AF4EEC21AF1EE10FA1ADDC9
:109DD00002EE900AF8EE622A82EEA13AB0EE432A31
:109DE00000210DE0124C04EB8104D4ED002A62EE58
:109DF000822A0F4C04EB8104C4ED002A4C1CE1B212
:109E00000429EFDB00BF0A4ED6E90051D6E902462D
:109E1000C2E90246C2E9005170BD00000000000026
:109E2000E293994068000020B15611406C00002078
:109E30009407002010B5002107E04AF2104200BF4D
:109E4000131EA2F10102FBD1491C8142F5D310BDC2
:109E5000B0EE401AB7EE080AB0EE402AB6EE000A9D
:109E600021EE000AF0EE401AF0EE410A10EE900AE0
:109E70000D49A1EB600000EE900A61EEA02AB7EE5A
:109E8000080A02EEE00A20EE200AF0EE400A61EE37
:109E9000A02AB7EE080A02EEE00A20EE200AF0EE51
:109EA000400A21EE200A7047DF59375F10B5FFF7EF
:109EB0000BFE10B102F02AF810BD02F021F8FBE70A
:109EC0002DE9F04105460E461C4807681C4800680D
:109ED000001D00F03DFF50B91948006890F82C10A3
:109EE0000120884017490968814316480160681CB1
:109EF00038B936B112480168091D134800F07AFFDD
:109F00001AE07C190E4800684460BC4207D20C4835
:109F10000168091D0D48006800F052FF0CE0084878
:109F20000168091D0A48006800F04AFF09480068F6
:109F3000844201D207480460BDE8F081FC020020A1
:109F4000E802002000030020881F0020F00200200B
:109F5000EC0200201803002010B5044600F056FF64
:109F600024480068401C234908602348006840B921
:109F7000214804600846006801280DD100F0F2F97C
:109F80000AE01E48006838B91B480068C06AE16AE8
:109F9000884201D81848046019480068401C1849D4
:109FA000086008460068606494F82C10012088401E
:109FB00014490968084313490860E16A01EB81010B
:109FC000114A02EB8100211D00F014FF00F066FF32
:109FD0000A48006868B108480068C06AE16A8842B7
:109FE00007D24FF0805009490860BFF34F8FBFF38D
:109FF0006F8F10BDF8020020E8020020040300204B
:10A000001403002000030020B81C002004ED00E031
:10A0100010B500F0FBFE10480068D0B90F4800F002
:10A02000BFFE0F4800F0BCFE0C480E4908600C480B
:10A030000D49086000221021052001F0D9FB0649D6
:10A0400008600846006820B108A10348006801F0D4
:10A0500025F800F023FF10BD2C0300209C1F0020DA
:10A06000B01F00202403002028030020546D7251EB
:10A070000000000070B523E001F056FA13480068B4
:10A0800008B9012000E00020054602F0CBF8BDB978
:10A0900000F0BCFE0D48C068C468201D00F058FEEA
:10A0A0000B480068401E0A4908600A480068401EC4
:10A0B0000849086000F0F2FE204600F060F800BF9A
:10A0C000044800680028D7D170BD0000741F00202C
:10A0D000F8020020F402002070B504460D46206C02
:10A0E00070B1216CE0680844E0606168E068884213
:10A0F00001D32068E0602846226CE168F6F76CFC2A
:10A1000070BD2DE9F04104460F4615464FF000089A
:10A11000A66B206C40B9206860BB606801F0B4FF9A
:10A1200080460020606025E07DB93946226CA06839
:10A13000F6F752FC216CA0680844A060D4E9011035
:10A14000884217D32068A06014E03946226CE0688A
:10A15000F6F742FC216CE068401AE0602168E06894
:10A16000884203D2216C6068401AE060022D01D160
:10A1700006B1761E701CA0634046BDE8F08110B5A4
:10A180000446206B00F0C6FE204600F0C3FE10BD62
:10A190000146084A126812680AB9012200E000224A
:10A1A0000A600A6822B9034A1268D268106800E09F
:10A1B000002070472403002030B54FF4A043174817
:10A1C00000F007042CB1C01D20F00700134C041B45
:10A1D0001B1B0246124C22600024114D6C60D018EB
:10A1E000083820F007000F4C206000240D4D2D682A
:10A1F0006C600C4D2D682C601146441A4C60094C63
:10A2000024680C60084D4C682C60084D4C682C602C
:10A210004FF00044064D2C6030BD0000C41F0020EC
:10A22000440300204C03002054030020500300206E
:10A230005803002000BFFFF71DFF064800680128F3
:10A24000F9D94FF0805004490860BFF34F8FBFF336
:10A250006F8FF0E7B81C002004ED00E02DE9F0411D
:10A2600006460D4617469846069C0DB9246000E048
:10A270002760E66325640121204601F0DFFB84F8B6
:10A2800050800020A064BDE8F08100002DE9F05F5F
:10A2900082460F4690469B460A9E0C9C4FEA8801D8
:10A2A000A522206BF6F7AAFBA8F10100216B01EBB8
:10A2B000800929F0070909F0070008B9012000E02A
:10A2C000002028B940F22B321BA122A0FDF78AFA08
:10A2D000002507E0795D04F134004155785D00B94F
:10A2E00002E06D1C102DF5D300BF00214320015565
:10A2F000202E00D31F26E662E66400202065201D84
:10A3000000F05BFD04F1180000F057FD2461C6F178
:10A310002000A06164620020606584F858005A46FD
:10A320005146484600F024FC20600B9808B10B9879
:10A330000460BDE8F09F00002E2E5C5379737465B5
:10A340006D5C4672656552544F535C7461736B73F8
:10A350002E6300004572726F723A25732C25640DCE
:10A360000A00000010B5002407E004EB84010F4A46
:10A3700002EB810000F014FD641C202CF5D30C4886
:10A3800000F00EFD0B4800F00BFD0B4800F008FD3F
:10A390000A4800F005FD0A4800F002FD044809499A
:10A3A000086004480849086010BD0000B81C00207F
:10A3B000381F00204C1F0020601F0020741F002049
:10A3C000881F0020EC020020F002002010B501469A
:10A3D000164800E0006803688B42FBD302464368DE
:10A3E00013448B4204D143684C68234443600146C4
:10A3F0000A464B6813440468A34211D10C4C03680D
:10A400002468A34208D04B680468646823444B6006
:10A4100003681B680B6005E0054B1B680B6001E0DF
:10A4200003680B60884200D0016010BD4403002027
:10A430004C0300202DE9F04104460D4616461F4608
:10A440004FF0000865602461B5420CD8F01BA1698B
:10A45000884202D34FF0010811E0211D094800682D
:10A4600000F0AEFC0BE0BE4204D2BD4202D34FF07E
:10A47000010804E0211D0448006800F0A1FC4046EA
:10A48000BDE8F081280300202403002070B50546B4
:10A4900000F0BCFCA86B08B9012400E0002400F027
:10A4A000FDFC204670BD70B5054600F0AFFCA86B02
:10A4B000E96B884201D1012400E0002400F0EEFCA9
:10A4C000204670BD2DE9F3410D460098846C0027AD
:10A4D0002CB940F6CE121AA120A0FDF783F9A06B8B
:10A4E000E16B884201D2012000E0002028B940F64B
:10A4F000CF1213A119A0FDF775F9A06BE16B88428B
:10A500001BD294F945602A4669462046FFF7F9FDBB
:10A510000746701C60B9606A08B9012000E000209D
:10A5200050B904F1240001F01FFE28B1012703E017
:10A53000701C40B284F8450000BF3846BDE8FC817D
:10A540002E2E5C53797374656D5C4672656552544A
:10A550004F535C71756575652E6300004572726FAF
:10A56000723A25732C25640D0A000000F8B50546E3
:10A570000F4613480068C068C468201D00F0E8FB5F
:10A58000E069012818D1A06941192B463A462046B6
:10A59000FFF750FF80B1002003462A460146009095
:10A5A000204601F00FFF06462EB94FF4027205A1B6
:10A5B0000BA0FDF717F900BF2046616A8847F8BD78
:10A5C000240300202E2E5C53797374656D5C4672F3
:10A5D000656552544F535C74696D6572732E6300E8
:10A5E0004572726F723A25732C25640D0A000000C3
:10A5F000F0B587B070E0039800280CDA04AE2EB9ED
:10A6000040F2E7223AA141A0FDF7ECF8D6E900209C
:10A61000B168904700BF039800285DDB059C606926
:10A6200008B9012000E0002010B9201D00F090FBC7
:10A6300002A800F0C9F8054603980A284AD2DFE8C4
:10A6400000F00905072C2E4506082D2F00BF00BF7E
:10A6500000BF00BF0498A269811803462A4620461D
:10A66000FFF7E8FEC0B12046616A8847E06901282B
:10A6700012D1002000900498A169421800231946C5
:10A68000204601F09FFE07462FB940F2213218A163
:10A690001EA0FDF7A7F800BF1DE000BF1BE000BF34
:10A6A0000498A061A06908B1012000E0002028B949
:10A6B0004FF44E720EA115A0FDF794F8A069411950
:10A6C0002B462A462046FFF7B5FE04E0204600F060
:10A6D00021FC00E000BF00BF00231A4603A90F4879
:10A6E000006801F0C3F8002885D107B0F0BD000074
:10A6F0002E2E5C53797374656D5C46726565525499
:10A700004F535C74696D6572732E63004572726F8E
:10A71000723A25732C25640D0A0000002C030020DA
:10A72000F8B505460C4600F0FFFE684600F04CF810
:10A730000646009820BB44B9B54206D801F072FD28
:10A7400031462846FFF712FF1CE03CB10E48006876
:10A75000006808B9012000E000200446A91B224639
:10A760000A48006800F0B0FC01F05CFD50B94FF001
:10A77000805007490860BFF34F8FBFF36F8F01E030
:10A7800001F050FDF8BD0000280300202C0300203C
:10A7900004ED00E00A490968096809B9012100E0EF
:10A7A000002121B14FF0FF31064A116006E0044953
:10A7B0000968C968C868034A4168116070470000A9
:10A7C000EC0200201803002070B5044601F098FB4D
:10A7D000054607480068854204D200F00BF80120C6
:10A7E000206001E00020206001480560284670BD1F
:10A7F000340300202DE9F8432DE021480068C068AB
:10A8000005681F480068C068C468201D00F0A0FAF1
:10A810002046616A8847E06901281CD1A069461971
:10A82000AE4207D966602461211D1548006800F01A
:10A83000C7FA10E0002003462A4601460090204651
:10A8400001F0C0FD07462FB940F292320DA114A0CD
:10A85000FCF7C8FF00BF0A480068006808B901207B
:10A8600000E000200028C8D00548D0F8008010483B
:10A870000068034908600E48C0F80080BDE8F8830E
:10A88000240300202E2E5C53797374656D5C467230
:10A89000656552544F535C74696D6572732E630025
:10A8A0004572726F723A25732C25640D0A00000000
:10A8B000280300200246002101E0521C491C1078A8
:10A8C000A528FAD0890888B2704700000C480068B3
:10A8D000401C08B9012000E0002028B940F20F1206
:10A8E00008A115A0FCF77EFF00BF502080F311885F
:10A8F000BFF34F8FBFF36F8F00BF00BFFEE70000B5
:10A90000380300202E2E5C53797374656D5C46729B
:10A91000656552544F535C706F727461626C655C14
:10A92000525644535C41524D5F434D34465C706F08
:10A9300072742E63000000004572726F723A2573C4
:10A940002C25640D0A00000008B500BF6846FFF71B
:10A950001FFC044620460099FFF7E2FEFFF748FE81
:10A96000F4E770B5044600F051FA94F945501AE046
:10A97000A06C38B100212046FFF7A4FD88B100F09B
:10A9800091FC0EE0606A08B9012000E0002038B9AF
:10A9900004F1240001F0E8FB18B100F083FC00E0B2
:10A9A00003E0681E45B2002DE2DC00BFFF2084F802
:10A9B000450000F073FA00F029FA94F9445010E0D1
:10A9C000206908B9012000E0002048B904F1100016
:10A9D00001F0CAFB08B100F065FC681E45B200E05A
:10A9E00001E0002DECDC00BFFF2084F8440000F003
:10A9F00055FA70BD2DE9F04104464FF0000800F013
:10AA000093FD3E48006808B9FFF7D6FB3C48006854
:10AA1000204000285FD1A4B1083404F0070080B1C1
:10AA200004F00700C0F10800044404F0070008B96E
:10AA3000012000E0002020B9BF2232A13DA0FCF798
:10AA4000D1FE002C47D03F480068844243D83E4E98
:10AA50003046056801E02E462D686868A04202D2A3
:10AA600028680028F7D125480068854233D030682F
:10AA700000F10808286830606868001B102813D9A6
:10AA80002F1907F0070008B9012000E0002020B9C5
:10AA9000EC221CA127A0FCF7A5FE6868001B7860CB
:10AAA0006C603846FFF792FC264968680968081A06
:10AAB000244908600846006824490968884203D28E
:10AAC00020480068214908600D4968680968084302
:10AAD00068600020286001F0A5FB08F0070008B9B5
:10AAE000012000E0002028B94FF4967205A111A0C2
:10AAF000FCF778FE4046BDE8F08100004C030020E2
:10AB0000580300202E2E5C53797374656D5C467279
:10AB1000656552544F535C706F727461626C655C12
:10AB20004D656D4D616E675C686561705F342E6365
:10AB3000000000004572726F723A25732C25640D77
:10AB40000A000000500300204403002054030020AA
:10AB50000648006830B10549096801F15000096DE7
:10AB6000491C01600148006870470000E8020020AD
:10AB7000001F4FF080730360001F21F0010303608A
:10AB8000001F054B036014380260001F6FF00203C2
:10AB90000360203870470000CDA8000810B52422BB
:10ABA0000249A1F12400FBF7F7FD10BDFE070020CC
:10ABB00010B52420FBF7EEFE10BD00B52DED048B83
:10ABC00083B041EC190BF6F7FCF941EC180B18EEC9
:10ABD000100A18EE901A8DED008B002818BF012086
:10ABE000084320F00040C0F17F6000F1E040C00F5A
:10ABF00014D019EE101A19EE900A8DED009B002961
:10AC000018BF0121084320F00040C0F17F6000F12F
:10AC1000E040C00F04BF0120FDF762FF51EC180BAC
:10AC200003B0BDEC048B00BD10B5044600F0EEF897
:10AC3000F9F742FF00F042F800F010F800F028F8B1
:10AC400000F06EF800F052F80348006800F0A0FA37
:10AC500000F024F910BD0000000000201CB50648DB
:10AC6000142100234FF48062CDE9001003A10748AE
:10AC700001F006F91CBD00004C0000204368617320
:10AC80007369736C5F7461736B00000005370008B3
:10AC90001CB505480A2100238022CDE9001003A13C
:10ACA000054801F0EDF81CBD0800002064657465DE
:10ACB00063745F7461736B00114000081CB5064833
:10ACC000192100234FF40072CDE9001003A10648BA
:10ACD00001F0D6F81CBD00004000002047696D62FD
:10ACE000616C5F7461736B00A54800081CB5064871
:10ACF000162100234FF40072CDE9001003A107488C
:10AD000001F0BEF81CBD0000A8000020496E66726C
:10AD1000617265645F7461736B000000E94A00084A
:10AD20001CB506480B2100234FF48072CDE90010BA
:10AD300003A1064801F0A4F81CBD0000CC000020CF
:10AD40004A756467655F7461736B0000354C000879
:10AD500001460A69D1E901309860D1E901035860E0
:10AD60005068884201D188685060002008611068EE
:10AD7000401E1060106870472DE9F041044614B978
:10AD80000648006800E0204607463D6B2846FFF76E
:10AD900091FD06463046BDE8F0810000E802002043
:10ADA00000F1080141604FF0FF31816000F10801BE
:10ADB000C16001610021016070470021016170479D
:10ADC00010B502460B685C1C0CB9106907E002F173
:10ADD000080000E04068446824689C42FAD944684E
:10ADE0004C604C68A160886041600A611468641C12
:10ADF000146010BD42684A6093688B609368596024
:10AE00009160086103685B1C0360704710B500BF68
:10AE1000502080F31188BFF34F8FBFF36F8F00BFB7
:10AE20000B480068401C0A49086008460068012871
:10AE30000DD108480068C0B208B9012000E0002028
:10AE400028B940F2B91204A110A0FCF7CBFC10BD48
:10AE50003803002004ED00E02E2E5C5379737465F6
:10AE60006D5C4672656552544F535C706F727461CD
:10AE7000626C655C525644535C41524D5F434D34A5
:10AE8000465C706F72742E63000000004572726F32
:10AE9000723A25732C25640D0A00000010B50B488A
:10AEA000006828B94FF4E07209A116A0FCF79AFCDB
:10AEB00006480068401E054908600846006820B939
:10AEC000002080F3118800BF00BF10BD38030020B0
:10AED0002E2E5C53797374656D5C467265655254B1
:10AEE0004F535C706F727461626C655C5256445370
:10AEF0005C41524D5F434D34465C706F72742E63FB
:10AF0000000000004572726F723A25732C25640DA3
:10AF10000A00000070B506463546002E35D0083DC3
:10AF20002C461A4960680968084008B1012000E011
:10AF3000002028B94FF4A07215A121A0FCF752FC03
:10AF4000206808B9012000E0002028B940F2411231
:10AF50000FA11BA0FCF746FC0C496068096808407B
:10AF600098B1206888B909496068096888436060B9
:10AF700000F0DAFA16496068096808441449086064
:10AF80002046FFF723FA01F04DF970BD5803002069
:10AF90002E2E5C53797374656D5C467265655254F0
:10AFA0004F535C706F727461626C655C4D656D4D82
:10AFB000616E675C686561705F342E63000000003D
:10AFC0004572726F723A25732C25640D0A000000D9
:10AFD00050030020064800684FF47A71B0FBF1F08E
:10AFE000401E4FF0E02148610720086170470000D3
:10AFF000C402002070B5F5F729F90546102D11D3CC
:10B0000005F1E02090F8F04310480078844201DB1D
:10B01000012000E0002028B94FF440720CA119A0D3
:10B02000FCF7E0FB1B48006800F4E0601A4909687F
:10B03000884201D8012000E0002028B94FF4447272
:10B0400003A110A0FCF7CEFB70BD00003C03002064
:10B050002E2E5C53797374656D5C4672656552542F
:10B060004F535C706F727461626C655C52564453EE
:10B070005C41524D5F434D34465C706F72742E6379
:10B08000000000004572726F723A25732C25640D22
:10B090000A0000000CED00E0400300200246002002
:10B0A0000BE0084B53F8303033B9064B43F83010FF
:10B0B00003EBC0035A6002E0401C0828F1D300BF34
:10B0C00070470000781C00202DE9F04105460E462F
:10B0D00017462C46FFF79AFE94F94400401C10B91D
:10B0E000002084F8440094F94500401C10B9002069
:10B0F00084F84500FFF7D2FEA06B28B93A463146E6
:10B1000004F1240000F002F92046FFF72AFCBDE814
:10B11000F081000070B504460025ACB10F4800680E
:10B1200008B9012000E0002028B940F2CF420CA16C
:10B1300012A0FCF757FB00F0F7F900212046FEF7BC
:10B14000BFFE01F06FF805463DB94FF080500F4942
:10B150000860BFF34F8FBFF36F8F70BD20030020D7
:10B160002E2E5C53797374656D5C4672656552541E
:10B170004F535C7461736B732E6300004572726F82
:10B18000723A25732C25640D0A00000004ED00E0DE
:10B1900070B50546FFF73AFE15B92D48006800E086
:10B1A00028460446201DFFF7D3FD78B9E06A00EB7E
:10B1B0008000284951F8200040B994F82C10012053
:10B1C000884025490968814323480160A06A18B175
:10B1D00004F11800FFF7BCFD20480068401C1F491F
:10B1E00008601B480068844209D1211D1C48FFF7F4
:10B1F00001FE1C480068401C1A49086009E01A4812
:10B200000068401E184908602046FEF7B8FFFFF7A7
:10B21000C1FAFFF743FE15480068C0B10C4800684A
:10B22000844214D11248006808B9012000E00020CF
:10B2300028B940F265420FA115A0FCF7D3FA4FF0F0
:10B24000805017490860BFF34F8FBFF36F8F70BDF9
:10B25000E8020020B81C0020000300201403002096
:10B26000741F0020F4020020F802002004030020D4
:10B27000200300202E2E5C53797374656D5C46723A
:10B28000656552544F535C7461736B732E63000099
:10B290004572726F723A25732C25640D0A00000006
:10B2A00004ED00E001200149086070470C03002014
:10B2B00070B504460D462CB940F6063207A10EA023
:10B2C000FCF790FA1048016818312046FFF778FD26
:10B2D00001212846FEF7F4FD70BD00002E2E5C53C0
:10B2E000797374656D5C4672656552544F535C7436
:10B2F00061736B732E6300004572726F723A25732F
:10B300002C25640D0A000000E802002070B50546F7
:10B310000E4614462DB940F6313209A10FA0FCF7B4
:10B3200061FA1248016818312846FFF763FD0CB135
:10B330004FF0FF3621463046FEF7C2FD70BD0000DB
:10B340002E2E5C53797374656D5C4672656552543C
:10B350004F535C7461736B732E6300004572726FA0
:10B36000723A25732C25640D0A000000E8020020C3
:10B3700070B505462C46002D4BD02649E06A096879
:10B38000C96A884245D2A06900F0004028B9214826
:10B390000068C06AC0F12000A061E16A01EB810190
:10B3A0001D4A02EB81016069884201D1012000E061
:10B3B000002050B3201DFFF7CBFC78B9E06A00EB0A
:10B3C0008000154951F8200040B994F82C10012054
:10B3D0008840124909688143104801600D4800689F
:10B3E000C06AE06294F82C10012088400B4909687B
:10B3F00008430A490860E16A01EB8101064A02EB51
:10B400008100211DFFF7F6FC03E002480068C06AD6
:10B41000E06270BDE8020020B81C0020000300209C
:10B4200010B504462CB940F6C13205A10BA0FCF7BB
:10B43000D9F90E48006820600D480068606010BDB2
:10B440002E2E5C53797374656D5C4672656552543B
:10B450004F535C7461736B732E6300004572726F9F
:10B46000723A25732C25640D0A0000001003002099
:10B47000FC0200201CB51A4800210B468222CDE9AF
:10B48000001018A1194800F0FBFC0446012C02D161
:10B4900000F05CFF0446012C15D100BF502080F362
:10B4A0001188BFF34F8FBFF36F8F00BF4FF0FF3096
:10B4B0000F49086001200F49086000200E4908600C
:10B4C00000F0CAF80BE0601C08B1012000E0002089
:10B4D00028B940F2847209A10FA0FCF783F91CBDC2
:10B4E0001C03002049444C450000000035A2000820
:10B4F0001803002004030020FC0200202E2E5C53C1
:10B50000797374656D5C4672656552544F535C7413
:10B5100061736B732E6300004572726F723A25730C
:10B520002C25640D0A00000002480068401C0149F7
:10B53000086070472003002010B51B48006818B150
:10B5400001201A4908602DE00020184908601848B9
:10B550000068B0FA80F0C0F11F0404EB84001549C4
:10B5600051F8200008B1012000E0002028B940F681
:10B57000F62211A117A0FCF735F904EB84010D4A5E
:10B5800002EB810041684968416000F108014268AE
:10B590008A4202D14168496841604168C968114ADC
:10B5A000116000BF10BD0000200300200C0300202C
:10B5B00000030020B81C00202E2E5C5379737465A4
:10B5C0006D5C4672656552544F535C7461736B7366
:10B5D0002E6300004572726F723A25732C25640D3C
:10B5E0000A000000E802002070B505460C4600265F
:10B5F0000DB1022C01D8002070BDA11E094802889F
:10B600002846FEF703FA0646F1B2A01E285C8142E6
:10B6100006D1601E285CB0EB162F01D10120EBE7AC
:10B620000020E9E72201002070B505460C460026FF
:10B630000DB1022C01DC002070BD601E81B2FF2222
:10B640002846FEF7FDF90646601E285CB04201D18F
:10B650000120F1E70020EFE71CB5404800684049B1
:10B66000884201D0012000E0002028B940F25912A0
:10B670003CA149A0FCF7B6F8384800683849491E93
:10B68000884201D0012000E0002028B94FF4AD72BB
:10B6900034A141A0FCF7A6F8434C20460078019065
:10B6A000FF20214608700846007800909DF80000B1
:10B6B00000F0F0009DF80010884201D1012000E068
:10B6C000002028B940F2731226A133A0FCF78AF8B3
:10B6D0009DF8000000F050003449087007203449FC
:10B6E000086009E032480068401E314908609DF852
:10B6F00000004006000E00909DF8000000F0800061
:10B700008028EFD02A4800680002294908600846CE
:10B71000008800F4E06008602349019808700F4831
:10B720002030006840F470000C4920310860084661
:10B73000006840F070400860FFF74CFC00201D4995
:10B740000860F4F74BFD1C48006840F040401A497F
:10B750000860F4F733FD00201CBD000000ED00E0A0
:10B7600071C20F412E2E5C53797374656D5C467205
:10B77000656552544F535C706F727461626C655CA6
:10B78000525644535C41524D5F434D34465C706F9A
:10B7900072742E63000000004572726F723A257356
:10B7A0002C25640D0A00000000E400E03C030020AA
:10B7B000400300203803002034EF00E010B500BF44
:10B7C000502080F31188BFF34F8FBFF36F8F00BFFE
:10B7D00000F0A6FB18B14FF080500449086000BF8C
:10B7E000002080F3118800BF10BD000004ED00E0D0
:10B7F0002DE9F84305460E4690460DB1012000E0C4
:10B80000002028B94FF4C4720DA114A0FBF7EAFF81
:10B810000EB9002701E005FB06F707F15400FFF71A
:10B82000E9F8044644B104F1540943464A46314616
:10B8300028460094FEF712FD2046BDE8F88300007C
:10B840002E2E5C53797374656D5C46726565525437
:10B850004F535C71756575652E6300004572726F9C
:10B86000723A25732C25640D0A0000002DE9FF476C
:10B8700082B005460E461F464FF0000A2C462CB9F2
:10B8800040F2DC4261A168A0FBF7ACFF0EB9206C6E
:10B8900008B9012000E0002028B940F2DD425BA198
:10B8A00061A0FBF79FFF00F01BFB08B9049808B9E3
:10B8B000012000E0002028B94FF49C6253A15AA057
:10B8C000FBF790FF00BFFFF7A1FAD4F83890B9F169
:10B8D000000F3DD0D4F80C8031462046FEF7FCFB2B
:10B8E000DFB9A9F10100A063206810B9FFF730F9B2
:10B8F0006060206908B9012000E0002010BB04F15D
:10B90000100000F031FCE8B14FF080504A49086067
:10B91000BFF34F8FBFF36F8F14E0C4F80C80606AE1
:10B9200008B9012000E0002060B904F1240000F013
:10B930001BFC38B14FF080503F490860BFF34F8F78
:10B94000BFF36F8FFFF7AAFA012006B0BDE8F087BA
:10B95000049818B9FFF7A2FA0020F6E7BAF1000F31
:10B9600004D16846FFF75CFD4FF0010AFFF796FA35
:10B97000FFF7DAFDFFF74AFA94F94400401C10B9CA
:10B98000002084F8440094F94500401C10B90020C0
:10B9900084F84500FFF782FA04A9684600F01CFA13
:10B9A00040BB2046FEF772FDF0B1206830B9FFF7CA
:10B9B0002DFA6068FFF7DCFCFFF770FA04F1240051
:10B9C0000499FFF775FC2046FEF7CBFF00F02AFC38
:10B9D00000287FF478AF4FF0805017490860BFF31C
:10B9E0004F8FBFF36F8F6EE72046FEF7BAFF00F070
:10B9F00019FC68E72046FEF7B4FF00F013FC204670
:10BA0000FEF744FD0028EED000209EE72E2E5C536A
:10BA1000797374656D5C4672656552544F535C7101
:10BA2000756575652E6300004572726F723A2573F5
:10BA30002C25640D0A00000004ED00E070B50546F9
:10BA40000E462C462CB940F21B121EA124A0FBF777
:10BA5000C9FEFFF7DBF9D4E90F12206801FB0200F1
:10BA600060600020A0632068A060E06B401E226C34
:10BA7000216800FB0210E060FF2084F8440084F895
:10BA800045009EB9206908B9012000E00020A8B94E
:10BA900004F1100000F068FB80B14FF080501449B1
:10BAA0000860BFF34F8FBFF36F8F07E004F1100002
:10BAB000FFF776F904F12400FFF772F9FFF7EEF9CA
:10BAC000012070BD2E2E5C53797374656D5C4672D7
:10BAD000656552544F535C71756575652E63000042
:10BAE0004572726F723A25732C25640D0A000000AE
:10BAF00004ED00E02DE9FF4383B0064688461D466D
:10BB00004FF0000934462CB940F2D92260A167A059
:10BB1000FBF768FEB8F1000F01D1206C08B90120D5
:10BB200000E0002028B940F2DA2259A15FA0FBF71B
:10BB300059FE022D02D1E06B012801D1012000E065
:10BB4000002028B940F2DB2251A158A0FBF74AFEA1
:10BB500000F0C6F908B9059808B9012000E00020F6
:10BB600028B940F2DE224AA150A0FBF73BFE00BFFD
:10BB7000FFF74CF9A06BE16B884201D3022D38D15D
:10BB80002A4641462046FEF7BCFA0746A06C68B13B
:10BB900029462046FEF796FC28B34FF080504749CF
:10BBA0000860BFF34F8FBFF36F8F1CE0606A08B966
:10BBB000012000E0002068B904F1240000F0D4FA6C
:10BBC00088B14FF080503D490860BFF34F8FBFF3FD
:10BBD0006F8F08E03FB14FF0805038490860BFF3E5
:10BBE0004F8FBFF36F8FFFF759F9012007B0BDE802
:10BBF000F083059818B9FFF751F90020F6E7B9F17D
:10BC0000000F04D101A8FFF70BFC4FF00109FFF76B
:10BC100045F9FFF789FCFFF7F9F894F94400401C57
:10BC200010B9002084F8440094F94500401C10B974
:10BC3000002084F84500FFF731F905A901A800F0BC
:10BC4000CBF8F0B92046FEF72EFCA0B104F11000AD
:10BC50000599FFF72DFB2046FEF783FE00F0E2FA80
:10BC6000002885D14FF0805014490860BFF34F8FF2
:10BC7000BFF36F8F7CE72046FEF773FE00F0D2FA29
:10BC800076E72046FEF76DFE00F0CCFA0020ADE727
:10BC90002E2E5C53797374656D5C467265655254E3
:10BCA0004F535C71756575652E6300004572726F48
:10BCB000723A25732C25640D0A00000004ED00E0A3
:10BCC0002DE9F05F80468A4615461E4644462CB94B
:10BCD00040F29F3235A13CA0FBF784FDBAF1000F82
:10BCE00001D1206C08B9012000E0002028B94FF4F0
:10BCF00068722EA134A0FBF775FD022E02D1E06B15
:10BD0000012801D1012000E0002028B940F2A13231
:10BD100026A12DA0FBF766FDFFF76CF900BF5021AF
:10BD2000EFF3118081F31188BFF34F8FBFF36F8F53
:10BD300000BF0746A06BE16B884201D3022E2BD1D6
:10BD400094F945B0324651462046FEF7DAF90BF138
:10BD50000100C8B9A06C40B131462046FEF7B2FBE5
:10BD6000B8B1B5B10120286013E0606A08B90120BC
:10BD700000E0002068B904F1240000F0F5F940B1BA
:10BD80003DB10120286004E00BF1010040B284F8CD
:10BD900045004FF0010901E04FF0000900BF87F3B3
:10BDA000118800BF4846BDE8F09F00002E2E5C536E
:10BDB000797374656D5C4672656552544F535C715E
:10BDC000756575652E6300004572726F723A257352
:10BDD0002C25640D0A0000002DE9F04104460D46B3
:10BDE0002CB940F6CB3219A11FA0FBF7FBFC2DB9F3
:10BDF00040F6CC3215A11CA0FBF7F4FCFFF706F8C7
:10BE00001D4807682868401C08B9002619E01B492E
:10BE100020680968884204D06068B84201D80126C9
:10BE20000FE06068381A2968884209D2286861687A
:10BE3000791A401A28602046FFF7F2FA002600E03F
:10BE40000126FFF72BF83046BDE8F0812E2E5C531B
:10BE5000797374656D5C4672656552544F535C74BA
:10BE600061736B732E6300004572726F723A2573B3
:10BE70002C25640D0A000000FC02002010030020A5
:10BE80002DE9FF4F85B0804689461746DDE912ABA4
:10BE9000B800FEF7AFFD064656B15C20FEF7AAFDDE
:10BEA00004460CB1266304E03046FFF733F800E0A7
:10BEB00000247CB10020CDE900ABCDE902403A4638
:10BEC00049464046089BFEF7E1F92046FEF744F854
:10BED000012501E04FF0FF35284609B0BDE8F08F9D
:10BEE0000549096809B9012005E00449096809B94B
:10BEF000022000E0002070470403002020030020FF
:10BF00000149086870470000FC02002070B5FFF787
:10BF100071F8002501480468204670BDFC0200202D
:10BF20002DE9F0414FF0000841480068002872D127
:10BF300040480068451C3F480560EDB93E48006830
:10BF4000006808B9012000E0002028B940F6D912A5
:10BF50003AA141A0FBF746FC374807684248006811
:10BF6000354908604048076040480068401C3F4928
:10BF70000860FEF70FFC00BF3D48006885423CD3D7
:10BF800000BF2D480068006808B9012000E00020CB
:10BF900020B14FF0FF30364908602DE02648006898
:10BFA000C068C4686668B54202D23148066023E0C2
:10BFB000201DFEF7CDFEA06A18B104F11800FEF7AF
:10BFC000C7FE94F82C10012088402A4909680843CC
:10BFD00028490860E16A01EB8101274A02EB8100F0
:10BFE000211DFEF707FF2549E06A0968C96A8842F2
:10BFF000C7D34FF00108C4E700BF20480068C06AFB
:10C0000000EB80001C4951F82000012801D94FF0B5
:10C01000010805E0FFE71A480068401C184908605D
:10C020001848006808B14FF001084046BDE8F081AB
:10C0300020030020FC020020EC0200202E2E5C5386
:10C04000797374656D5C4672656552544F535C74C8
:10C0500061736B732E6300004572726F723A2573C1
:10C060002C25640D0A000000F002002010030020BF
:10C070001803002000030020B81C0020E802002064
:10C08000080300200C03002070B505462C4600264E
:10C09000002D4BD026480068844201D1012000E0E9
:10C0A000002028B940F6C76222A129A0FBF79AFB1D
:10C0B000206D28B940F6C9621EA125A0FBF792FBAE
:10C0C000206D401E2065E16CE06A88422ED0206D14
:10C0D00060BB201DFEF73CFE78B9E06A00EB8000F3
:10C0E0001F4951F8200040B994F82C1001208840D5
:10C0F0001C49096881431B480160E06CE062E06A0A
:10C10000C0F12000A06194F82C100120884015494E
:10C110000968084313490860E16A01EB8101104A8C
:10C1200002EB8100211DFEF765FE0126304670BD41
:10C13000E80200202E2E5C53797374656D5C4672A4
:10C14000656552544F535C7461736B732E630000CA
:10C150004572726F723A25732C25640D0A00000037
:10C16000B81C00200003002070B50646F068C468C3
:10C170002CB940F661321AA120A0FBF733FB04F181
:10C180001800FEF7E5FD21480068A8B9201DFEF75C
:10C19000DFFD94F82C10012088401D4909680843F0
:10C1A0001B490860E16A01EB81011A4A02EB810038
:10C1B000211DFEF71FFE04E004F118011648FEF7EA
:10C1C00019FE1649E06A0968C96A884204D901253E
:10C1D00001201349086000E00025284670BD0000DA
:10C1E0002E2E5C53797374656D5C4672656552548E
:10C1F0004F535C7461736B732E6300004572726FF2
:10C20000723A25732C25640D0A00000020030020DB
:10C2100000030020B81C0020601F0020E80200205E
:10C220000C03002070B5002400263448006828B9AB
:10C230004FF4FD6232A139A0FBF7D4FAFEF7E6FD18
:10C240002E480068401E2D490860084600680028F6
:10C250004FD13648006800284BD024E03448C068ED
:10C26000C46804F11800FEF773FD201DFEF770FD91
:10C2700094F82C10012088402E49096808432D4964
:10C280000860E16A01EB81012B4A02EB8100211D6C
:10C29000FEF7B0FD2949E06A0968C96A884202D3FD
:10C2A0000120274908602248006808B9012000E001
:10C2B00000200028D2D00CB1FEF76CFA21480568A6
:10C2C00065B100BFFFF72CFE10B101201C490860CA
:10C2D0006D1E002DF6D100201A490860184800682C
:10C2E00038B10126300718490860BFF34F8FBFF3FC
:10C2F0006F8FFEF7D3FD304670BD00002003002095
:10C300002E2E5C53797374656D5C4672656552546C
:10C310004F535C7461736B732E6300004572726FD0
:10C32000723A25732C25640D0A000000F8020020E3
:10C33000601F002000030020B81C0020E80200203D
:10C340000C0300200803002004ED00E01CB50024CD
:10C35000FDF75EFE0B48006858B10B481F21002313
:10C360004FF48272CDE9001008A10A48FFF788FD5A
:10C3700004462CB940F2331207A10EA0FBF732FAA3
:10C3800020461CBD2C03002030030020546D722079
:10C390005376630049A900082E2E5C5379737465A7
:10C3A0006D5C4672656552544F535C74696D65727D
:10C3B000732E63004572726F723A25732C25640DDB
:10C3C0000A0000002DE9FF4704460D4616461F46A9
:10C3D000DDF830804FF000092CB94FF4D37217A16B
:10C3E0001DA0FBF7FFF92048006810B300950196E7
:10C3F0000294062D15DAFFF773FD022808D10023F9
:10C400004246694618480068FFF774FB814610E011
:10C4100000231A46694614480068FFF76BFB814603
:10C4200007E000233A4669460F480068FFF748FCDA
:10C430008146484604B0BDE8F08700002E2E5C53CC
:10C44000797374656D5C4672656552544F535C74C4
:10C45000696D6572732E63004572726F723A25734F
:10C460002C25640D0A0000002C0300206400280025
:10C470000E00280028000D003C0028000C000200DF
:10C4800003000B000A000A0008000A000A00070067
:10C490000A000A0006000A000A0005000000204108
:10C4A00000000000000000000000704100000000DB
:10C4B000000000000000204100000000000000001B
:10C4C000FF005EBCE2613FDD83C29C7E20A3FD1FB6
:10C4D000419DC3217FFCA2401E5F01E3BD3E6082FF
:10C4E000DC237D9FC1421CFEA0E1BF5D0380DE3CDA
:10C4F00062BEE0025CDF81633D7C22C09E1D43A1E1
:10C50000FF4618FAA427799BC584DA3866E5BB593B
:10C5100007DB856739BAE406581947A5FB7826C4B6
:10C520009A653BD987045AB8E6A7F91B45C6987A9D
:10C5300024F8A6441A99C7257B3A6486D85B05E798
:10C54000B98CD2306EEDB3510F4E10F2AC2F719307
:10C55000CD114FADF3702ECC92D38D6F31B2EC0E66
:10C5600050AFF1134DCE90722C6D33D18F0C52B071
:10C57000EE326C8ED0530DEFB1F0AE4C1291CF2D48
:10C5800073CA947628ABF517490856B4EA6937D5CB
:10C590008B5709EBB536688AD495CB2977F4AA482E
:10C5A00016E9B7550B88D6346A2B7597C94A14F625
:10C5B000A8742AC896154BA9F7B6E80A54D7896B10
:10C5C00035000000891112239B322446AD57366591
:10C5D000BF74488CC19D5AAFD3BE6CCAE5DB7EE9FF
:10C5E000F7F88110080193331A22A5562C47B77526
:10C5F0003E64C99C408DDBBF52AEEDDA64CBFFF9DF
:10C6000076E802218B30100299132667AF76344406
:10C61000BD554AADC3BC588ED19F6EEBE7FA7CC8BE
:10C62000F5D983310A2091121803A7772E66B554E5
:10C630003C45CBBD42ACD99E508FEFFB66EAFDD89E
:10C6400074C904428D5316619F702004A9153227C6
:10C65000BB364CCEC5DF5EEDD7FC6888E1997AAB7E
:10C66000F3BA85520C4397711E60A1142805B337A5
:10C670003A26CDDE44CFDFFD56ECE9986089FBBB5E
:10C6800072AA06638F7214409D512225AB34300686
:10C69000B9174EEFC7FE5CCCD5DD6AA9E3B8788A3E
:10C6A000F19B87730E6295501C41A3352A24B11665
:10C6B0003807CFFF46EEDDDC54CDEBB962A8F99A1E
:10C6C000708B088481951AA793B62CC2A5D33EE13E
:10C6D000B7F04008C919522BDB3A644EED5F766D16
:10C6E000FF7C899400859BB712A6ADD224C3BFF10D
:10C6F00036E0C1184809D33B5A2AE55E6C4FF77DF6
:10C700007E6C0AA583B4188691972EE3A7F23CC0ED
:10C71000B5D14229CB38500AD91B666FEF7E744CD5
:10C72000FD5D8BB502A499961087AFF326E2BDD0CC
:10C7300034C1C3394A28D11A580BE77F6E6EF55CB5
:10C740007C4D0CC685D71EE597F42880A1913AA3AD
:10C75000B3B2444ACD5B5669DF78600CE91D722F95
:10C76000FB3E8DD604C79FF516E4A9902081BBB38C
:10C7700032A2C55A4C4BD7795E68E11C680DF33F75
:10C780007A2E0EE787F61CC495D52AA1A3B038826D
:10C79000B193466BCF7A5448DD59622DEB3C700E55
:10C7A000F91F8FF706E69DD414C5ABB122A0B9924C
:10C7B0003083C77B4E6AD5585C49E33D6A2CF11E35
:10C7C000780F0000000000001300000000000000CF
:10C7D000BEDC0F1C508C063E32D2911FDA5D493E02
:10C7E00030F88AC1B7F37A3E3AA45CD6CFF7A13EBF
:10C7F0001EDBF6D852D8C03E799559C94095D73E30
:10C800007DC0CB845B8CE93E31E9404D05E6F53EC9
:10C81000323F394A471CFE3E5392917E60BA003F38
:10C82000323F394A471CFE3E31E9404D05E6F53EB0
:10C830007DC0CB845B8CE93E799559C94095D73E44
:10C840001EDBF6D852D8C03E3AA45CD6CFF7A13E44
:10C8500030F88AC1B7F37A3E32D2911FDA5D493E91
:10C86000BEDC0F1C508C063E1300000000000000D0
:10C87000000000000000F03F68D268269CB422C08F
:10C88000B4F8A0BF7C4A454062C3F05C5A375FC031
:10C89000F79888F202777040656BD524FB797AC0EF
:10C8A00069A929BA4BC88040D6E77A7B421F81C06C
:10C8B00011ECCFB0FE767C4039A8259F246673C06A
:10C8C0000EA9E9044AB565403338A3CD0DE153C044
:10C8D000AC474932CF8C3D4033FC6A53619221C052
:10C8E00053DD4AF68A570040445EB9D147ECD6BFC3
:10C8F0004E212C58A8D2A63F147F136BC5C56CBF20
:10C9000037627600AF46213F00000000920E493C9E
:10C91000B10AC93C2BC3163D2EFB483D752B7B3D10
:10C9200004A9963D80B6AF3D36BDC83D2FBCE13D64
:10C9300073B2FA3D87CF093E8340163EB5AB223E27
:10C94000A2102F3ECF6E3B3EC2C5473E0115543E5E
:10C95000135C603E7F9A6C3ECCCF783EC07D823EB9
:10C96000938E883E229A8E3E32A0943E86A09A3EB6
:10C97000E59AA03E128FA63ED47CAC3EEF63B23E59
:10C980002A44B83E491DBE3E15EFC33E53B9C93EC9
:10C99000CA7BCF3E4136D53E80E8DA3E4F92E03E3C
:10C9A0007533E63EBBCBEB3EEA5AF13ECBE0F63EBA
:10C9B000275DFC3EE4E7003F3D9C033F824B063F82
:10C9C0009BF5083F6B9A0B3FDA390E3FCDD3103FF2
:10C9D0002A68133FD9F6153FC07F183FC6021B3F98
:10C9E000D17F1D3FCBF61F3F9967223F25D2243FC1
:10C9F0005636273F1594293F4AEB2B3FDE3B2E3F0F
:10CA0000BB85303FC9C8323FF304353F233A373F37
:10CA10004268393F3B8F3B3FF9AE3D3F67C73F3FE1
:10CA200070D8413F01E2433F03E4453F65DE473FA5
:10CA300012D1493FF8BB4B3F029F4D3F207A4F3FF9
:10CA40003D4D513F4918533F31DB543FE595563F2B
:10CA50005348583F6AF2593F1A945B3F532D5D3F4C
:10CA600005BE5E3F2146603F97C5613F5A3C633F2C
:10CA700059AA643F880F663FD86B673F3CBF683F49
:10CA8000A7096A3F0C4B6B3F5E836C3F93B26D3FCF
:10CA90009ED86E3F73F56F3F0809713F5213723F86
:10CAA0004714733FDD0B743F0BFA743FC6DE753FCE
:10CAB00007BA763FC58B773FF853783F9812793F96
:10CAC0009DC7793F02737A3FBE147B3FCDAC7B3F5D
:10CAD000283B7C3FC9BF7C3FAC3A7D3FCCAB7D3F20
:10CAE00023137E3FB0707E3F6DC47E3F580E7F3F64
:10CAF0006D4E7F3FAB847F3F0FB17F3F97D37F3F2A
:10CB000043EC7F3F11FB7F3F0000803F11FB7F3FE5
:10CB100043EC7F3F97D37F3F0FB17F3FAB847F3F95
:10CB20006D4E7F3F580E7F3F6DC47E3FB0707E3F9D
:10CB300023137E3FCCAB7D3FAC3A7D3FC9BF7C3FEA
:10CB4000283B7C3FCDAC7B3FBE147B3F02737A3FDA
:10CB50009DC7793F9812793FF853783FC58B773F4F
:10CB600007BA763FC6DE753F0BFA743FDD0B743FA4
:10CB70004714733F5213723F0809713F73F56F3FBB
:10CB80009ED86E3F93B26D3F5E836C3F0C4B6B3F04
:10CB9000A7096A3F3CBF683FD86B673F880F663F75
:10CBA00059AA643F5A3C633F97C5613F2146603FA5
:10CBB00005BE5E3F532D5D3F1A945B3F6AF2593FBD
:10CBC0005348583FE595563F31DB543F4918533F92
:10CBD0003D4D513F207A4F3F029F4D3FF8BB4B3FA9
:10CBE00012D1493F65DE473F03E4453F01E2433F41
:10CBF00070D8413F67C73F3FF9AE3D3F3B8F3B3F5A
:10CC00004268393F233A373FF304353FC9C8323FC2
:10CC1000BB85303FDE3B2E3F4AEB2B3F1594293F2F
:10CC20005636273F25D2243F9967223FCBF61F3F38
:10CC3000D17F1D3FC6021B3FC07F183FD9F6153F6D
:10CC40002A68133FCDD3103FDA390E3F6B9A0B3F62
:10CC50009BF5083F824B063F3D9C033FE4E7003FC6
:10CC6000275DFC3ECBE0F63EEA5AF13EBBCBEB3E05
:10CC70007533E63E4F92E03E80E8DA3E4136D53EDF
:10CC8000CA7BCF3E53B9C93E15EFC33E491DBE3ED8
:10CC90002A44B83EEF63B23ED47CAC3E128FA63E2F
:10CCA000E59AA03E86A09A3E32A0943E229A8E3EFD
:10CCB000938E883EC07D823ECCCF783E7F9A6C3E7C
:10CCC000135C603E0115543EC2C5473ECF6E3B3EED
:10CCD000A2102F3EB5AB223E8340163E87CF093EC1
:10CCE00073B2FA3D2FBCE13D36BDC83D80B6AF3DC5
:10CCF00004A9963D752B7B3D2EFB483D2BC3163D6D
:10CD0000B10AC93C920E493C00000000920E49BC99
:10CD1000B10AC9BC2BC316BD2EFB48BD752B7BBD0C
:10CD200004A996BD80B6AFBD36BDC8BD2FBCE1BD60
:10CD300073B2FABD87CF09BE834016BEB5AB22BE23
:10CD4000A2102FBECF6E3BBEC2C547BE011554BE5A
:10CD5000135C60BE7F9A6CBECCCF78BEC07D82BEB5
:10CD6000938E88BE229A8EBE32A094BE86A09ABEB2
:10CD7000E59AA0BE128FA6BED47CACBEEF63B2BE55
:10CD80002A44B8BE491DBEBE15EFC3BE53B9C9BEC5
:10CD9000CA7BCFBE4136D5BE80E8DABE4F92E0BE38
:10CDA0007533E6BEBBCBEBBEEA5AF1BECBE0F6BEB6
:10CDB000275DFCBEE4E700BF3D9C03BF824B06BF7E
:10CDC0009BF508BF6B9A0BBFDA390EBFCDD310BFEE
:10CDD0002A6813BFD9F615BFC07F18BFC6021BBF94
:10CDE000D17F1DBFCBF61FBF996722BF25D224BFBD
:10CDF000563627BF159429BF4AEB2BBFDE3B2EBF0B
:10CE0000BB8530BFC9C832BFF30435BF233A37BF33
:10CE1000426839BF3B8F3BBFF9AE3DBF67C73FBFDD
:10CE200070D841BF01E243BF03E445BF65DE47BFA1
:10CE300012D149BFF8BB4BBF029F4DBF207A4FBFF5
:10CE40003D4D51BF491853BF31DB54BFE59556BF27
:10CE5000534858BF6AF259BF1A945BBF532D5DBF48
:10CE600005BE5EBF214660BF97C561BF5A3C63BF28
:10CE700059AA64BF880F66BFD86B67BF3CBF68BF45
:10CE8000A7096ABF0C4B6BBF5E836CBF93B26DBFCB
:10CE90009ED86EBF73F56FBF080971BF521372BF82
:10CEA000471473BFDD0B74BF0BFA74BFC6DE75BFCA
:10CEB00007BA76BFC58B77BFF85378BF981279BF92
:10CEC0009DC779BF02737ABFBE147BBFCDAC7BBF59
:10CED000283B7CBFC9BF7CBFAC3A7DBFCCAB7DBF1C
:10CEE00023137EBFB0707EBF6DC47EBF580E7FBF60
:10CEF0006D4E7FBFAB847FBF0FB17FBF97D37FBF26
:10CF000043EC7FBF11FB7FBF000080BF11FB7FBFE1
:10CF100043EC7FBF97D37FBF0FB17FBFAB847FBF91
:10CF20006D4E7FBF580E7FBF6DC47EBFB0707EBF99
:10CF300023137EBFCCAB7DBFAC3A7DBFC9BF7CBFE6
:10CF4000283B7CBFCDAC7BBFBE147BBF02737ABFD6
:10CF50009DC779BF981279BFF85378BFC58B77BF4B
:10CF600007BA76BFC6DE75BF0BFA74BFDD0B74BFA0
:10CF7000471473BF521372BF080971BF73F56FBFB7
:10CF80009ED86EBF93B26DBF5E836CBF0C4B6BBF00
:10CF9000A7096ABF3CBF68BFD86B67BF880F66BF71
:10CFA00059AA64BF5A3C63BF97C561BF214660BFA1
:10CFB00005BE5EBF532D5DBF1A945BBF6AF259BFB9
:10CFC000534858BFE59556BF31DB54BF491853BF8E
:10CFD0003D4D51BF207A4FBF029F4DBFF8BB4BBFA5
:10CFE00012D149BF65DE47BF03E445BF01E243BF3D
:10CFF00070D841BF67C73FBFF9AE3DBF3B8F3BBF56
:10D00000426839BF233A37BFF30435BFC9C832BFBE
:10D01000BB8530BFDE3B2EBF4AEB2BBF159429BF2B
:10D02000563627BF25D224BF996722BFCBF61FBF34
:10D03000D17F1DBFC6021BBFC07F18BFD9F615BF69
:10D040002A6813BFCDD310BFDA390EBF6B9A0BBF5E
:10D050009BF508BF824B06BF3D9C03BFE4E700BFC2
:10D06000275DFCBECBE0F6BEEA5AF1BEBBCBEBBE01
:10D070007533E6BE4F92E0BE80E8DABE4136D5BEDB
:10D08000CA7BCFBE53B9C9BE15EFC3BE491DBEBED4
:10D090002A44B8BEEF63B2BED47CACBE128FA6BE2B
:10D0A000E59AA0BE86A09ABE32A094BE229A8EBEF9
:10D0B000938E88BEC07D82BECCCF78BE7F9A6CBE78
:10D0C000135C60BE011554BEC2C547BECF6E3BBEE9
:10D0D000A2102FBEB5AB22BE834016BE87CF09BEBD
:10D0E00073B2FABD2FBCE1BD36BDC8BD80B6AFBDC1
:10D0F00004A996BD752B7BBD2EFB48BD2BC316BD69
:10D10000B10AC9BC920E49BC0000008000000000BA
:10D11000555555555555C53F7D6FEB0312D6D4BFB8
:10D120005544880E55C1C93F3B8F68B52882A4BFBE
:10D1300088B20175E0EF493F09F7FD0DE13D023F7F
:10D140004B2D8A1C273A03C0C88A599CE52A004007
:10D1500059018D1B6C06E6BF82922EB1C5B8B33F54
:10D160004FBB610567ACDD3F182D4454FB21E93FFF
:10D170009BF681D20B73EF3F182D4454FB21F93FEE
:10D18000E2652F227F2B7A3C075C143326A6813C74
:10D19000BDCBF07A8807703C075C143326A6913C1F
:10D1A000C4EB98999999C9BF711623FEC671BCBF8B
:10D1B0006D9A74AFF2B0B3BF9AFDDE522DDEADBFF3
:10D1C0002F6C6A2C44B4A2BF0D5555555555D53F0B
:10D1D000FF8300922449C23F6E204CC5CD45B73F26
:10D1E000513DD0A0660DB13FEB0D76244B7BA93F9E
:10D1F00011DA22E33AAD903F4C5555555555A53FB0
:10D200007751C1166CC156BF9015CB19A001FA3EDB
:10D21000AD529C804F7E92BEC4B1B4BD9EEE213E05
:10D22000D43888BEE9FAA8BD000000000000000064
:10D2300000004054FB21F93F3163621A61B4D03DD4
:10D240000000601A61B4D03D7370032E8A19A33BAD
:10D250000000002E8A19A33BC14920259A837B39FF
:10D2600000000000000000006E83F9A22915444E62
:10D27000D15727FCC0DD34F5999562DB4190433CE2
:10D28000AB6351FE61C5BBDE3A6E24B7E0D24D42BE
:10D29000EA2E49061C92D1091CEB1DFE3EA729B1BE
:10D2A000F53582E88444BB2E26709CE9417E5FB44C
:10D2B00039D69139F43953838B5F849C3B28F9BD6F
:10D2C000FF97F81F0F9805DE8B112FEF1F6D0A5A7D
:10D2D000CF7E366DB709CB27663F464F2DEA5F9E5E
:10D2E000C7BA27757BF1E5EBF739073DEA92528A19
:10D2F000B15FFB6B085D8D1FA6F810111111813F06
:10D30000D561C119A0012ABF7DFEB157E31DC73EFB
:10D31000EB9C2B8AE6E55ABE7CD5CF5A3AD9E53D3F
:10D3200040D300080000002060030000E610000861
:10D33000A8D300086003002068700000D08A0008AD
:10D34000014A83343D021D01B91E022C02BC623326
:10D35000093E02652034FFFF09A50AE81C411B8035
:10D360003F10AAC1104189247910592449108924F9
:10D37000B91019243950CA4154E1092820295C09FF
:10D380001204014E0225BA091E780938A0C204848D
:10D390007A030A680901020304060708090CA910A8
:08D3A000014C1AAA010124004E
:040000050800018965
:00000001FF
